Product ID,Title,Handle,Vendor,Product Type,Published,Created,Updated,Tags,Total Variants,Total Images,Price Range,In Stock
"=""8057789022298""",Cobbler's Choice Loafer Care Kit,cobblers-choice-loafer-care-kit,Thursday Boots - Accessories,Shoe Care,8/7/2026,8/7/2026,8/8/2026,accessory-full; all:All; BIS; bundle-item; cobblers-choice; credit_fee:500; exchange_fee:500; group:Shoe Care; klaviyo:Unisex; live_product; loop-accessory; pf-gender:Unisex; pf-status:active; pf-style:Shoe Care; pf-type:Accessories; product-switcher; recurate-disqualify; recurate-hide; refund_fee: 500; retail-sync; thumbnails:shoe-care-bundles; virtual-bundle,1,5,$11500 - $11500,Yes
"=""8057773359194""",Cobbler's Choice Leather Jacket Care Kit,cobblers-choice-leather-jacket-care-kit,Thursday Boots - Accessories,Shoe Care,8/7/2026,8/7/2026,8/8/2026,accessory-full; all:All; BIS; bundle-item; cobblers-choice; credit_fee:500; exchange_fee:500; group:Shoe Care; klaviyo:Unisex; live_product; loop-accessory; pf-gender:Unisex; pf-status:active; pf-style:Shoe Care; pf-type:Accessories; product-switcher; recurate-disqualify; recurate-hide; refund_fee: 500; retail-sync; thumbnails:shoe-care-bundles; virtual-bundle,1,6,$17800 - $17800,Yes
"=""8042772660314""",Fancy | Light Taupe,womens-fancy-top-handle-bag-light-taupe-leather,Thursday Boots - Women's Bags,Bags,8/5/2026,7/28/2026,8/8/2026,accessory-full; all:All; anagram-enabled; bags:Fancy; bf21:Leather; bf21:W-Boot-Black; bf21:WBeanie; bf21:Women-Belt-Black; bfcm-eligible; BIS; color:Cream; credit_fee:FREE; exchange_fee:FREE; free-gift; highlight:New Arrival; honest-pricing; interactive-details; klaviyo:Women; loop-accessory; material:Leather; model:Fancy; pf-gender:Female; pf-type:Accessories; product-switcher; redo:fancy; refund_fee: FREE; retail-sync; show-previews; show_recs; thumbnail-previews; thumbnails:womens-fancy; womens-bags; YGroup_womens-fancy-bag,1,8,$53800 - $53800,Yes
"=""8042760536154""",Fancy | Cedar,womens-fancy-top-handle-bag-cedar-leather,Thursday Boots - Women's Bags,Bags,8/5/2026,7/28/2026,8/8/2026,accessory-full; all:All; anagram-enabled; bags:Fancy; bf21:Leather; bf21:W-Boot-Black; bf21:WBeanie; bf21:Women-Belt-Black; bfcm-eligible; BIS; color:Brown; credit_fee:FREE; exchange_fee:FREE; free-gift; highlight:New Arrival; honest-pricing; interactive-details; klaviyo:Women; loop-accessory; material:Leather; model:Fancy; pf-gender:Female; pf-type:Accessories; product-switcher; redo:fancy; refund_fee: FREE; retail-sync; show-previews; show_recs; thumbnail-previews; thumbnails:womens-fancy; womens-bags; YGroup_womens-fancy-bag,1,8,$53800 - $53800,Yes
"=""8042748182618""",Fancy | Burgundy,womens-fancy-top-handle-bag-burgundy-leather,Thursday Boots - Women's Bags,Bags,8/5/2026,7/28/2026,8/8/2026,accessory-full; all:All; anagram-enabled; bags:Fancy; bf21:Leather; bf21:W-Boot-Black; bf21:WBeanie; bf21:Women-Belt-Black; bfcm-eligible; BIS; color:Burgundy; credit_fee:FREE; exchange_fee:FREE; free-gift; highlight:New Arrival; honest-pricing; interactive-details; klaviyo:Women; loop-accessory; material:Leather; model:Fancy; pf-gender:Female; pf-type:Accessories; product-switcher; redo:fancy; refund_fee: FREE; retail-sync; show-previews; show_recs; thumbnail-previews; thumbnails:womens-fancy; womens-bags; YGroup_womens-fancy-bag,1,8,$53800 - $53800,Yes
"=""8042727145562""",Fancy | Black,womens-fancy-top-handle-bag-black-leather,Thursday Boots - Women's Bags,Bags,8/5/2026,7/28/2026,8/8/2026,accessory-full; all:All; anagram-enabled; bags:Fancy; bf21:Leather; bf21:W-Boot-Black; bf21:WBeanie; bf21:Women-Belt-Black; bfcm-eligible; BIS; color:Black; credit_fee:FREE; exchange_fee:FREE; free-gift; highlight:New Arrival; honest-pricing; interactive-details; keyword:Black; klaviyo:Women; loop-accessory; material:Leather; model:Fancy; pf-gender:Female; pf-type:Accessories; product-switcher; redo:fancy; refund_fee: FREE; retail-sync; show-previews; show_recs; thumbnail-previews; thumbnails:womens-fancy; womens-bags; YGroup_womens-fancy-bag,1,8,$53800 - $53800,Yes
"=""7887881994330""",Lincoln | Pebbled Mahogany,mens-lincoln-penny-loafer-pebbled-mahogany-leather,Thursday Boots - Men's Shoes,Shoes,8/5/2026,4/28/2026,8/8/2026,all:All; anagram-enabled; as:EssentialLeatherKit; bf21:M-Shoes; bf21:MBeanie; bf21:Men-Belt-Cognac; bfcm-eligible; BIS; color:Brown; credit_fee:FREE; exchange_fee:FREE; extended-sizes; fit-quiz:occasional-true; fit_cat:half-down; fitfinder_inline; fqv2:half-down; free-gift; group:Shoes; highlight:New Arrival; honest-pricing; interactive-details; keyword:Black; keyword:Lincoln; keyword:penny loafer; klaviyo:Men; live_product; loop:Men's Lincoln; material:Leather; mens-shoes; mlp:mens-shoes; mobile-details; model:Lincoln; ms-group:Lincoln; mss-group:Lincoln; no-cs-variants; no-expedited; pf-gender:Male; pf-status:active; pf-style:Loafer; pf-type:Shoes; product-switcher; recommend:-0.5; recurate-hide; redo:lincoln; refund_fee: FREE; retail-sync; shoes:LincolnRubber; show-previews; show_recs; style:Loafer; thumb-groups:mens-lincoln;mens-lincoln-rubber;mens-lincoln-eva; thumbnails:mens-lincoln-rubber; trove-exclude; width:Standard; YCRF_sizing; YGroup_mens-lincoln-shoes; yotpo-reviews,19,7,$53800 - $53800,Yes
"=""7887874359386""",Lincoln | Pebbled Coffee,mens-lincoln-penny-loafer-pebbled-coffee-leather,Thursday Boots - Men's Shoes,Shoes,8/5/2026,4/28/2026,8/8/2026,all:All; anagram-enabled; as:EssentialLeatherKit; bf21:M-Shoes; bf21:MBeanie; bf21:Men-Belt-Cognac; bfcm-eligible; BIS; color:Brown; credit_fee:FREE; exchange_fee:FREE; extended-sizes; fit-quiz:occasional-true; fit_cat:half-down; fitfinder_inline; fqv2:half-down; free-gift; group:Shoes; highlight:New Arrival; honest-pricing; interactive-details; keyword:Black; keyword:Lincoln; keyword:penny loafer; klaviyo:Men; live_product; loop:Men's Lincoln; material:Leather; mens-shoes; mlp:mens-shoes; mobile-details; model:Lincoln; ms-group:Lincoln; mss-group:Lincoln; no-cs-variants; no-expedited; pf-gender:Male; pf-status:active; pf-style:Loafer; pf-type:Shoes; product-switcher; recommend:-0.5; recurate-hide; redo:lincoln; refund_fee: FREE; retail-sync; shoes:LincolnRubber; show-previews; show_recs; style:Loafer; thumb-groups:mens-lincoln;mens-lincoln-rubber;mens-lincoln-eva; thumbnails:mens-lincoln-rubber; trove-exclude; width:Standard; YCRF_sizing; YGroup_mens-lincoln-shoes; yotpo-reviews,19,7,$53800 - $53800,Yes
"=""7887854764122""",Lincoln | Pebbled Black,mens-lincoln-penny-loafer-pebbled-black-leather,Thursday Boots - Men's Shoes,Shoes,8/5/2026,4/28/2026,8/8/2026,all:All; anagram-enabled; as:EssentialLeatherKit; bf21:M-Shoes; bf21:MBeanie; bf21:Men-Belt-Cognac; bf21:Suede; bfcm-eligible; BIS; color:Black; credit_fee:FREE; exchange_fee:FREE; extended-sizes; fit-quiz:occasional-true; fit_cat:half-down; fitfinder_inline; fqv2:half-down; free-gift; group:Shoes; highlight:New Arrival; honest-pricing; interactive-details; keyword:Black; keyword:Lincoln; keyword:penny loafer; klaviyo:Men; live_product; loop:Men's Lincoln; material:Leather; mens-shoes; mlp:mens-shoes; mobile-details; model:Lincoln; ms-group:Lincoln; mss-group:Lincoln; no-cs-variants; no-expedited; pf-gender:Male; pf-status:active; pf-style:Loafer; pf-type:Shoes; product-switcher; recommend:-0.5; recurate-hide; redo:lincoln; refund_fee: FREE; retail-sync; shoes:LincolnRubber; show-previews; show_recs; style:Loafer; thumb-groups:mens-lincoln;mens-lincoln-rubber;mens-lincoln-eva; thumbnails:mens-lincoln-rubber; trove-exclude; width:Standard; YCRF_sizing; YGroup_mens-lincoln-shoes; yotpo-reviews,19,7,$53800 - $53800,Yes
"=""7887844147290""",Lincoln | Coastline,mens-lincoln-penny-loafer-coastline-suede,Thursday Boots - Men's Shoes,Shoes,8/5/2026,4/28/2026,8/8/2026,all:All; anagram-enabled; as:EssentialLeatherKit; bf21:Leather; bf21:M-Shoes; bf21:MBeanie; bf21:Men-Belt-BlackCoffee; bfcm-eligible; BIS; boat-shoes-loafer:Lincoln; casual-shoes:Lincoln; color:Tan; credit_fee:FREE; exchange_fee:FREE; extended-sizes; fit-quiz:occasional-true; fit_cat:half-down; fitfinder_inline; fqv2:half-down; free-gift; group:Shoes; highlight:New Arrival; honest-pricing; interactive-details; keyword:Black; keyword:Lincoln; keyword:penny loafer; klaviyo:Men; live_product; loop:Men's Lincoln; m-all:D-Featured-Shoes; material:Suede; mens-shoes; mlp:mens-shoes; mobile-details; model:Lincoln; ms-group:Lincoln; mss-group:Lincoln; no-cs-variants; pf-gender:Male; pf-status:active; pf-style:Loafer; pf-type:Shoes; product-switcher; recommend:-0.5; recurate-hide; redo:lincoln; refund_fee: FREE; retail-sync; shoes:Lincoln; show-previews; show_recs; style:Loafer; thumb-groups:mens-lincoln;mens-lincoln-rubber;mens-lincoln-eva; thumbnails:mens-lincoln-eva; trove-exclude; width:Standard; YCRF_sizing; YGroup_mens-lincoln; yotpo-reviews,19,7,$53800 - $53800,Yes
"=""7887840346202""",Lincoln | Golden Hour,mens-lincoln-penny-loafer-golden-hour-suede,Thursday Boots - Men's Shoes,Shoes,8/5/2026,4/28/2026,8/8/2026,all:All; anagram-enabled; as:EssentialLeatherKit; bf21:Leather; bf21:M-Shoes; bf21:MBeanie; bf21:Men-Belt-BlackCoffee; bfcm-eligible; BIS; boat-shoes-loafer:Lincoln; casual-shoes:Lincoln; color:Tan; credit_fee:FREE; exchange_fee:FREE; extended-sizes; fit-quiz:occasional-true; fit_cat:half-down; fitfinder_inline; fqv2:half-down; free-gift; group:Shoes; highlight:New Arrival; honest-pricing; interactive-details; keyword:Black; keyword:Lincoln; keyword:penny loafer; klaviyo:Men; live_product; loop:Men's Lincoln; m-all:D-Featured-Shoes; material:Suede; mens-shoes; mlp:mens-shoes; mobile-details; model:Lincoln; ms-group:Lincoln; mss-group:Lincoln; no-cs-variants; pf-gender:Male; pf-status:active; pf-style:Loafer; pf-type:Shoes; product-switcher; recommend:-0.5; recurate-hide; redo:lincoln; refund_fee: FREE; retail-sync; shoes:Lincoln; show-previews; show_recs; style:Loafer; thumb-groups:mens-lincoln;mens-lincoln-rubber;mens-lincoln-eva; thumbnails:mens-lincoln-eva; trove-exclude; width:Standard; YCRF_sizing; YGroup_mens-lincoln; yotpo-reviews,19,7,$53800 - $53800,Yes
"=""8038669713498""",Cobbler's Choice Edge Dressing | 2-Pack,cobblers-choice-edge-dressing-2-pack,Thursday Boots - Accessories,Shoe Care,7/31/2026,7/24/2026,8/8/2026,accessory-full; all:All; bf2020-100; BIS; cobblers-choice; credit_fee:500; discount:1200; exchange_fee:500; free-ship-care; gwp-eligible; klaviyo:Unisex; live_product; loop-accessory; pf-gender:Unisex; pf-status:active; pf-style:Shoe Care; pf-type:Accessories; product-switcher; recurate-disqualify; recurate-hide; refund_fee: 500; retail-sync; thumbnails:cobblers-choice-edge-dressing; YGroup_edge-dressing,1,5,$5800 - $5800,Yes
"=""8038658441306""",Cobbler's Choice Edge Dressing | Brown,cobblers-choice-edge-dressing-brown,Thursday Boots - Accessories,Shoe Care,7/31/2026,7/24/2026,8/8/2026,accessory-full; all:All; bf2020-100; BIS; cobblers-choice; credit_fee:500; discount:1200; exchange_fee:500; free-ship-care; gwp-eligible; klaviyo:Unisex; live_product; loop-accessory; pf-gender:Unisex; pf-status:active; pf-style:Shoe Care; pf-type:Accessories; product-switcher; recurate-disqualify; recurate-hide; refund_fee: 500; retail-sync; thumbnails:cobblers-choice-edge-dressing; YGroup_edge-dressing,1,2,$3800 - $3800,Yes
"=""8038609191002""",Cobbler's Choice Edge Dressing | Black,cobblers-choice-edge-dressing-black,Thursday Boots - Accessories,Shoe Care,7/31/2026,7/24/2026,8/8/2026,accessory-full; all:All; bf2020-100; BIS; care:Restore; cobblers-choice; credit_fee:500; discount:1200; exchange_fee:500; free-ship-care; gwp-eligible; klaviyo:Unisex; live_product; loop-accessory; pf-gender:Unisex; pf-status:active; pf-style:Shoe Care; pf-type:Accessories; product-switcher; recurate-disqualify; recurate-hide; refund_fee: 500; retail-sync; thumbnails:cobblers-choice-edge-dressing; YGroup_edge-dressing,1,2,$3800 - $3800,Yes
"=""4742251839578""",[S] Captain | Natural,_thrscnd_mens-natural-captain,Thursday Boots - Seconds - Men's Boots,boots,7/30/2026,8/11/2020,8/8/2026,Captain; category:Men's Boots; color:Tan; FinalSale; findify-remove; fit:captain; fit_cat:half-down; group:Boots; keyword:Captain (Men's); keyword:Natural; klaviyo:Men; material:Leather; mens-seconds; model:Captain; NoRefund; pf-gender:Male; pf-status:active; pf-style:Lace-Up; pf-type:Boots; product-switcher; recommend:-0.5; recurate-disqualify; recurate-hide; related:_thrscnd_mens-black-captain; related:_thrscnd_mens-brown-captain; related:_thrscnd_mens-captain-terracotta; related:_thrscnd_mens-natural-captain; seconds-sale; sole:Rubber; style:Cap Toe; style:Lace-Up; tbsec:Captain; thumb-groups:mens-captain-rugged-wh;mens-captain-stormking-wh;mens-captain-classic-wh; thumbnails:mens-captain-classic-wh; thursday-seconds; trove-exclude; warehouse:Thursday Seconds; width:Wide,38,6,$45500 - $45500,Yes
"=""8042865819738""",[S] Keanu Jacket | Old English,_thrscnd_mens-keanu-leather-jacket-old-english,Thursday Boots - Seconds - Men's Jackets,Jackets,7/30/2026,7/28/2026,8/8/2026,accessories; accessory-full; all:All; anagram-enabled; bf21:Jackets; bf21:Leather; bf21:M-Boot-Brown; bf21:MBeanie; bf21:Men-Belt-OldEnglish; bfcm-eligible; color:Brown; FinalSale; free-gift; imp_new_guide; jackets:Featured Styles; jackets:Keanu Jacket; klaviyo:Men; loop-accessory; loop:Men's Keanu Jacket; material:Leather; mlp:mens-jackets; model:Keanu Jacket; no-cs-variants; NoRefund; pf-gender:Male; pf-status:active; pf-style:Jacket; pf-type:Accessories; product-switcher; retail-sync; show-previews; show-sizing-tip; size-chart; size:tbc-jacket; tbsec:More Thursday Jackets; thumbnails:seconds-mens-keanu-jacket; thursday-seconds; wair-enabled,5,8,$77300 - $77300,Yes
"=""8042879090778""",[S] Logger | Black Matte,_thrscnd_mens-logger-lace-up-boot-black-matte,Thursday Boots - Seconds - Men's Boots,boots,7/30/2026,7/28/2026,8/8/2026,4col:Logger; 4col:Made in the USA; add-aftersell; all:All; anagram-enabled; bf21:M-Boot-Black; bf21:MBeanie; bf21:Men-Belt-BlackMatte; bf21:OilTanned; bfcm-eligible; category:Men's Boots; color:Black; cs-western:Logger; FinalSale; findify-remove; fit_cat:half-down; fitfinder_inline; fqv2:half-down; free-gift; group:Boots; highlight:Made In USA; honeycomb-supplier-product; klaviyo:Men; landing:Made-In-USA-2; loop:Men's Logger; m-all:D-MadeInUSA-Boots; m-all:MadeInUSA2; made-in-usa; manual-sync; material:Rugged; mb_handcrafted; mbg:Logger; mens-boots; mlp:mens-boots-rr; model:Logger; no-cs-variants; NoRefund; pf-gender:Male; pf-status:active; pf-style:Lace-Up; pf-type:Boots; product-switcher; psil:Logger; psis:Made in USA Collection; recommend:-0.5; retail-sync; show-previews; sole:Rubber; style:Cap Toe; style:Lace-Up; tbsec:Made In USA; thumbnails:seconds-logger; thursday-seconds; western:Logger; width:Standard; winter:Made in the USA,17,7,$74400 - $74400,Yes
"=""8042877255770""",[S] President | Black,_thrscnd_mens-black-president,Thursday Boots - Seconds - Men's Boots,boots,7/30/2026,7/28/2026,8/8/2026,4col:President; add-aftersell; all:All; anagram-enabled; bf21:Leather; bf21:M-Boot-Black; bf21:MBeanie; bf21:Men-Belt-Black; bfcm-eligible; bfcm:Leather; category:Men's Boots; color:Black; extended-sizes; FinalSale; fit:president; fit_cat:half-down; fitfinder_inline; fqv2:half-down; free-gift; group:Boots; include-thumbnails; intl_chart_only; keyword:Black; keyword:President (Men's); klaviyo:Men; loop:Men's President; material:Leather; mb_handcrafted; mbg:President; mens-boots; mens-president; mlp:mens-boots-lu; mobile-details; model:President; new-arrivals:President; no-cs-variants; no_quiz; NoRefund; pf-gender:Male; pf-status:active; pf-style:Lace-Up; pf-type:Boots; product-switcher; psil:President; psis:President; recommend:-0.5; retail-sync; show-previews; sole:Rubber; style:Lace-Up; style:Plain Toe; tbsec:President; thumb-groups:seconds-mens-president-classic;seconds-mens-president; thumbnails:seconds-mens-president-classic; thursday-seconds; width:Standard; width:Wide; YCRF_sizing,38,8,$42700 - $42700,Yes
"=""8042893705306""",[S] Cadet | Black,_thrscnd_mens-cadet-lace-up-boot-black,Thursday Boots - Seconds - Men's Boots,boots,7/30/2026,7/28/2026,8/8/2026,4col:Cadet; add-aftersell; all:All; anagram-enabled; bf21:Leather; bf21:M-Boot-Black; bf21:MBeanie; bf21:Men-Belt-Black; bfcm-eligible; bfcm:Other; casual-shoes:Featured Boots; category:Men's Boots; chukka-collection; chukka:Cadet; color:Black; extended-sizes; FinalSale; fit-quiz:occasional-true; fit:Cadet; fit_cat:half-down; fitfinder_inline; fqv2:half-down; free-gift; group:Boots; intl_chart_only; klaviyo:Men; loop:Men's Cadet; material:Leather; mb_handcrafted; mbg:Cadet; mens-boots; mlp:mens-boots-lu; model:Cadet; new-arrivals:Cadet; no-cs-variants; no_quiz; NoRefund; pf-gender:Male; pf-status:active; pf-style:Lace-Up; pf-type:Boots; product-switcher; psil:Cadet; psis:Cadet; recommend:-0.5; retail-sync; show-previews; sole:Rubber; style:Cap Toe; style:Lace-Up; tbsec:Cadet; thumbnails:seconds-cadet; thursday-seconds; width:Standard,19,7,$40700 - $40700,Yes
"=""8042881351770""",[S] Major | Black,_thrscnd_mens-major-lug-sole-zip-up-boot-black,Thursday Boots - Seconds - Men's Boots,boots,7/29/2026,7/28/2026,8/8/2026,4col:Major; add-aftersell; all:All; anagram-enabled; bf21:Leather; bf21:M-Boot-Black; bf21:MBeanie; bf21:Men-Belt-Black; bfcm-eligible; category:Men's Boots; color:Black; extended-sizes; FinalSale; fit:explorer; fit_cat:half-down; fitfinder_inline; fqv2:half-down; free-gift; group:Boots; klaviyo:Men; loop:Men's Major; major:lug soles; material:Leather; mb_handcrafted; mbg:Major; mens-boots; mlp:mens-boots-lu; model:Major; new-arrivals:Hardwearing Zip-Ups; new-arrivals:Major; no-cs-variants; NoRefund; pf-gender:Male; pf-status:active; pf-style:Combat; pf-type:Boots; product-switcher; psil:Hardwearing Zip-Ups; psil:Major; psis:Major; recommend:-0.5; retail-sync; show-previews; sole:Rubber; style:Cap Toe; style:Lace-Up; style:Plain Toe; tbsec:More Men's Boots; thumbnails:seconds-major; thursday-seconds; width:Standard; zipper:Zipper,19,8,$42700 - $42700,Yes
"=""8042876371034""",[S] Stomper | Black Cherry,_thrscnd_mens-stomper-zip-up-boot-black-cherry,Thursday Boots - Seconds - Men's Boots,boots,7/29/2026,7/28/2026,8/8/2026,4col:Stomper; add-aftersell; all:All; anagram-enabled; bf21:Leather; bf21:M-Boot-Brown; bf21:MBeanie; bf21:Men-Belt-OldEnglish; bfcm-eligible; bold:Versatile Zip-Ups; category:Men's Boots; color:Black; extended-sizes; FinalSale; fit-quiz:occasional-true; fit_cat:half-down; fitfinder_inline; fqv2:half-down; free-gift; group:Boots; klaviyo:Men; loop:Men's Stomper; m-boots:Stomper; material:Leather; mb_handcrafted; mens-boots; mlp:mens-boots-lu; model:Stomper; new-arrivals:Stomper; no-cs-variants; NoRefund; pf-gender:Male; pf-status:active; pf-style:Combat; pf-type:Boots; product-switcher; psil:Stomper; recommend:-0.5; retail-sync; search_term: storm king; show-previews; sole:Rubber; style:Cap Toe; style:Lace-Up; tbsec:Stomper; thumbnails:seconds-mens-stomper; thursday-seconds; width:Standard; zipper:Zipper,19,8,$50400 - $50400,Yes
"=""8042871881818""",[S] Stomper | Old English,_thrscnd_mens-stomper-zip-up-boot-old-english,Thursday Boots - Seconds - Men's Boots,boots,7/29/2026,7/28/2026,8/8/2026,4col:Stomper; add-aftersell; all:All; anagram-enabled; bf21:Leather; bf21:M-Boot-Brown; bf21:MBeanie; bf21:Men-Belt-OldEnglish; bfcm-eligible; bold:Versatile Zip-Ups; category:Men's Boots; color:Brown; extended-sizes; FinalSale; fit-quiz:occasional-true; fit_cat:half-down; fitfinder_inline; fqv2:half-down; free-gift; group:Boots; klaviyo:Men; landing:Boots-3; loop:Men's Stomper; m-boots:Stomper; material:Leather; mb_handcrafted; mens-boots; mlp:mens-boots-lu; model:Stomper; new-arrivals:Hardwearing Zip-Ups; new-arrivals:Stomper; no-cs-variants; NoRefund; pf-gender:Male; pf-status:active; pf-style:Combat; pf-type:Boots; product-switcher; psil:Hardwearing Zip-Ups; psil:Stomper; psis:Stomper; recommend:-0.5; retail-sync; search_term: storm king; show-previews; style:Lace-Up; tbsec:Stomper; thumbnails:seconds-mens-stomper; thursday-seconds; width:Standard; zipper:Zipper,19,8,$50400 - $50400,Yes
"=""8044476629082""",[S] Heritage Captain | Mustang,_thrscnd_mens-heritage-captain-lace-up-boot-mustang,Thursday Boots - Seconds - Men's Boots,boots,7/29/2026,7/28/2026,8/8/2026,4col:Heritage Captain; add-aftersell; all:All; anagram-enabled; bf21:Leather; bf21:M-Boot-Brown; bf21:MBeanie; bf21:Men-Belt-BlackCoffee; bfcm-eligible; bfcm:Other; built-to-last; color:Brown; detail-callouts; extended-sizes; FinalSale; fit:captain; fit_cat:half-down; fitfinder_inline; fqv2:half-down; free-gift; heritage:Heritage Captain; keyword:Captain (Men's); keyword:Natural; klaviyo:Men; loop:Men's Heritage Captain; m-all:D-Lace-Up-Boots; m-all:Lace-Up3; material:Leather; mb_handcrafted; mbg:Captain; mens-boots; mens-captain; mlp:mens-boots-rr; mobile-details; model:Heritage Captain; new-arrivals:Heritage Captain; no-cs-variants; NoRefund; pf-gender:Male; pf-status:active; pf-style:Lace-Up; pf-type:Boots; product-switcher; psil:Heritage Captain; recommend:-0.5; retail-sync; rugged:Heritage Captain; show-previews; sole:Rubber; style:Cap Toe; style:Lace-Up; subgroup:Rugged Collection; tbsec:Heritage Captain; thumbnails:seconds-mens-heritage-captain; thursday-seconds; width:Standard; YCRF_sizing,19,10,$50400 - $50400,Yes
"=""8042874503258""",[S] Heritage Captain | Vintage Tobacco,_thrscnd_mens-heritage-captain-lace-up-boot-vintage-tobacco,Thursday Boots - Seconds - Men's Boots,boots,7/29/2026,7/28/2026,8/8/2026,4col:Heritage Captain; add-aftersell; all:All; anagram-enabled; bf21:M-Boot-Brown; bf21:MBeanie; bf21:Men-Belt-Tobacco; bf21:OilTanned; bfcm-eligible; bfcm:Other; built-to-last; color:Brown; correct_details; detail-callouts; extended-sizes; FinalSale; fit:captain; fit_cat:half-down; fitfinder_inline; fqv2:half-down; free-gift; heritage:Heritage Captain; keyword:Captain (Men's); keyword:Natural; klaviyo:Men; loop:Men's Heritage Captain; m-all:D-Featured-Boots; m-all:D-Lace-Up-Boots; m-all:FeaturedBoots4; m-all:Lace-Up3; material:Rugged; mb_handcrafted; mbg:Captain; mens-boots; mens-captain; mlp:mens-boots-rr; mobile-details; model:Heritage Captain; new-arrivals:Heritage Captain; no-cs-variants; NoRefund; pf-gender:Male; pf-status:active; pf-style:Lace-Up; pf-type:Boots; product-switcher; psil:Heritage Captain; recommend:-0.5; retail-sync; rugged:Heritage Captain; show-previews; sole:Rubber; style:Cap Toe; style:Lace-Up; subgroup:Rugged Collection; tbsec:Heritage Captain; thumbnails:seconds-mens-heritage-captain; thursday-seconds; width:Standard; YCRF_sizing,19,10,$50400 - $50400,Yes
"=""8042887446618""",[S] Captain StormKing® | Black Matte,_thrscnd_mens-captain-lace-up-black-matte-stormking,Thursday Boots - Seconds - Men's Boots,boots,7/29/2026,7/28/2026,8/8/2026,4col:Featured Styles; 4col:LugCap; add-aftersell; all:All; anagram-enabled; bags:Boots; bags:More From Thursday; bf21:M-Boot-Black; bf21:MBeanie; bf21:Men-Belt-BlackMatte; bf21:OilTanned; bfcm-eligible; bfcm:Other; ca-transfer; category:Men's Boots; color:Black; condensed:Rugged Captain; cs-western:More Heritage Styles; extended-sizes; FinalSale; fit:captain; fit_cat:half-down; fitfinder_inline; fqv2:half-down; free-gift; group:Boots; heritage:Captain; keyword:Captain (Men's); keyword:kingmaker; keyword:Natural; klaviyo:Men; loop:Men's Captain; m-all:FeaturedBoots3; m_all:Boots; material:Rugged; mb_handcrafted; mbg:Captain; mcg:Rugged Captain HideLine; mens-boots; mens-captain; mlp:mens-boots-rr; mobile-details; model:Captain; new-arrivals:Captain; no-cs-variants; NoRefund; pf-gender:Male; pf-status:active; pf-style:Lace-Up; pf-type:Boots; product-switcher; psil:LugCap; recommend:-0.5; retail-sync; rugged:StormKing; search_term: storm king; shirts:More From Thursday; show-previews; sole:Rubber; style:Cap Toe; style:Lace-Up; subgroup:Rugged Collection; tbsec:Captain; thumb-groups:mens-captain-rugged-wh;mens-captain-stormking-wh;mens-captain-classic-wh; thumbnails:mens-captain-stormking-wh; thursday-seconds; video_carousel; wide:Captain; wide:StormKing; width:Standard; width:Wide; width:Wide (EE); width:Wide (EEE),57,7,$42700 - $42700,Yes
"=""8042882105434""",[S] President | Anejo,_thrscnd_mens-president-lace-up-boot-anejo,Thursday Boots - Seconds - Men's Boots,boots,7/29/2026,7/28/2026,8/8/2026,4col:President; add-aftersell; all:All; anagram-enabled; bf21:Leather; bf21:M-Boot-Brown; bf21:MBeanie; bf21:Men-Belt-Brandy; bfcm-eligible; bfcm:Leather; bold:Classic Lace-Ups; category:Men's Boots; color:Brown; extended-sizes; FinalSale; fit:president; fit_cat:half-down; fitfinder_inline; fqv2:half-down; free-gift; group:Boots; include-thumbnails; intl_chart_only; keyword:Brown; keyword:President (Men's); klaviyo:Men; loop:Men's President; material:Leather; mb_handcrafted; mbg:President; mens-boots; mens-president; mlp:mens-boots-lu; mobile-details; model:President; new-arrivals:President; no-cs-variants; no_quiz; NoRefund; pf-gender:Male; pf-status:active; pf-style:Lace-Up; pf-type:Boots; product-switcher; psil:President; psis:PRNStandard; recommend:-0.5; retail-sync; show-previews; sole:Rubber; style:Lace-Up; style:Plain Toe; tbsec:President; thumb-groups:seconds-mens-president-classic;seconds-mens-president; thumbnails:seconds-mens-president-classic; thursday-seconds; width:Standard; YCRF_sizing,19,7,$42700 - $42700,Yes
"=""8042884530266""",[S] Cavalier | Rich Mahogany,_thrscnd_mens-cavalier-chelsea-boot-rich-mahogany,Thursday Boots - Seconds - Men's Boots,boots,7/29/2026,7/28/2026,8/8/2026,4col:Cavalier; add-aftersell; all:All; anagram-enabled; bf21:Leather; bf21:M-Boot-Brown; bf21:MBeanie; bf21:Men-Belt-Brandy; bfcm-eligible; bold:Dress To Impress; category:Men's Boots; Chelsea search_term; chelsea:Cavalier; color:Brown; extended-sizes; FinalSale; fit-quiz:occasional-true; fit_cat:half-down; fitfinder_inline; fqv2:half-down; free-gift; group:Boots; keyword:Cavalier; klaviyo:Men; loop:Men's Cavalier; m-all:Chelsea Boots; m-all:D-Chelsea-Boots; material:Leather; mb_handcrafted; mbg:Cavalier; mens-boots; mlp:mens-boots-chelsea; mobile-details; model:Cavalier; ms-group:Cavalier; mss-group:Cavalier; new-arrivals:Cavalier; no-cs-variants; NoRefund; pf-gender:Male; pf-status:active; pf-style:Chelsea; pf-type:Boots; product-switcher; recommend:-0.5; retail-sync; shoe:Cavalier; show-previews; sole:Rubber; style:Chelsea; style:Plain Toe; tbsec:Cavalier; thumbnails:seconds-cavalier; thursday-seconds; width:Standard; YCRF_sizing,19,8,$42700 - $42700,Yes
"=""8042869227610""",[S] Chairman | Cinnamon,_thrscnd_mens-dress-shoe-chairman-cinnamon,Thursday Boots - Seconds - Men's Shoes,Shoes,7/29/2026,7/28/2026,8/8/2026,4col:Dress Shoes; anagram-enabled; bf21:Leather; bf21:M-Shoes; bf21:MBeanie; bf21:Men-Belt-BlackCoffee; bfcm-eligible; boat-shoes-loafer:Dress Shoes; bold:Dress Shoes; category-group:Shoes; category:Men's Shoes; color:Brown; extended-sizes; FinalSale; fit-quiz:occasional-true; fit_cat:half-down; fitfinder_inline; fqv2:half-down; free-gift; group:Shoes; holiday:Dress Shoes; keyword:Black; keyword:Executive; klaviyo:Men; landing:Dress Shoes; loop:Men's Chairman; m-all:D-Featured-Shoes; m-all:Shoes2; m_all:Dress Shoes; material:Suede; mens-shoes; mlp:mens-shoes; model:Chairman; ms-group:Classic Cap Toe; mss-group:Featured; new-arrivals:Chairman; new-arrivals:Dress Shoes; no-cs-variants; NoRefund; oxford search_term; pf-gender:Male; pf-status:active; pf-style:Lace-Up; pf-type:Shoes; price slider; product-switcher; recommend:-0.5; retail-sync; shoes:Chairman; show-previews; sneakers:Dress Shoes; sneakers:Shoes; tbsec:Classic Dress Shoes; thumbnails:seconds-mens-chairman; thursday-seconds; variant:Black; wide-shoes:Dress Shoes; wide:Shoes; width:Standard; width:Wide; YCRF_sizing,38,8,$40700 - $40700,Yes
"=""8042883776602""",[S] Saint | Cinnamon,_thrscnd_mens-saint-double-monk-dress-shoe-cinnamon,Thursday Boots - Seconds - Men's Shoes,Shoes,7/29/2026,7/28/2026,8/8/2026,4col:Dress Shoes; all:All; anagram-enabled; bf21:Leather; bf21:M-Shoes; bf21:MBeanie; bf21:Men-Belt-BlackCoffee; bfcm-eligible; bfcm:Leather; boat-shoes-loafer:Dress Shoes; bold:Dress Shoes; category-group:Shoes; category:Men's Shoes; color:Brown; extended-sizes; FinalSale; fit_cat:half-down; fitfinder_inline; fqv2:half-down; free-gift; group:Shoes; holiday:Dress Shoes2; holiday:DressShoes2; klaviyo:Men; loop:Men's Saint; ls-testing; m-all:D-Featured-Shoes; m-all:Shoes3; material:Leather; mens-shoes; mlp:mens-shoes; model:Featured Styles; model:Saint; ms-group:Saint; mss-group:Saint; new-arrivals:Dress Shoes; no-cs-variants; NoRefund; pf-gender:Male; pf-status:active; pf-style:Double Monk; pf-type:Shoes; product-switcher; recommend:-0.5; retail-sync; shoes:Featured Styles; shoes:Saint; show-previews; sneakers:DressShoes2; sneakers:Shoes; sole:Hybrid; style:Double Monk; tbsec:Classic Dress Shoes; thumbnails:seconds-saint; thursday-seconds; width:Standard; YCRF_sizing,19,7,$38700 - $38700,Yes
"=""8042870079578""",[S] Lincoln | Black,_thrscnd_mens-lincoln-penny-loafer-black-leather,Thursday Boots - Seconds - Men's Shoes,Shoes,7/29/2026,7/28/2026,8/8/2026,4col:Dress Shoes; all:All; anagram-enabled; bf21:Leather; bf21:M-Shoes; bf21:MBeanie; bf21:Men-Belt-Black; bfcm-eligible; boat-shoes-loafer:Lincoln; casual-shoes:Lincoln; category-group:Shoes; category:Men's Shoes; color:Black; extended-sizes; FinalSale; fit-quiz:occasional-true; fit_cat:half-down; fitfinder_inline; fqv2:half-down; free-gift; group:Shoes; holiday:Dress Shoes; holiday:DressShoes2; keyword:Black; keyword:Lincoln; keyword:penny loafer; klaviyo:Men; landing:Dress-Shoes-2; loop:Men's Lincoln; m-all:D-Featured-Shoes; m-all:Shoes; material:Leather; mens-shoes; mlp:mens-shoes; mobile-details; model:Lincoln; ms-group:Lincoln; mss-group:Lincoln; new-arrivals:Dress Shoes; no-cs-variants; NoRefund; pf-gender:Male; pf-status:active; pf-style:Loafer; pf-type:Shoes; product-switcher; recommend:-0.5; retail-sync; shoes:Lincoln; show-previews; sneakers:DressShoes2; sneakers:Shoes; style:Loafer; tbsec:Classic Dress Shoes; thumbnails:seconds-mens-lincoln; thursday-seconds; wide-shoes:Dress Shoes; wide:Shoes; width:Standard; width:Wide; YCRF_sizing,38,7,$40700 - $40700,Yes
"=""8042872733786""",[S] Statesman | Tobacco,_thrscnd_mens-statesman-dress-shoe-tobacco-leather,Thursday Boots - Seconds - Men's Shoes,Shoes,7/29/2026,7/28/2026,8/8/2026,4col:Dress Shoes; all:All; anagram-enabled; bf21:M-Shoes; bf21:MBeanie; bf21:Men-Belt-Tobacco; bf21:OilTanned; bfcm-eligible; bfcm:Leather; boat-shoes-loafer:Dress Shoes; casual-shoes:Dress To Impress; casual-shoes:Statesman; category-group:Shoes; category:Men's Shoes; color:Brown; extended-sizes; FinalSale; fit_cat:half-down; fitfinder_inline; fqv2:half-down; free-gift; holiday:DressShoes2; keyword:Brown; keyword:Statesman; klaviyo:Men; loop:Men's Statesman; m-all:D-Featured-Shoes; m-all:Shoes3; material:Rugged; mens-shoes; mlp:mens-shoes; model:New Arrivals; model:Statesman; new-arrivals:Dress Shoes; no-cs-variants; NoRefund; pf-gender:Male; pf-status:active; pf-type:Shoes; product-switcher; recommend:-0.5; retail-sync; shoe:Statesman; shoes:Dress Shoes; shoes:New Arrivals; shoes:Statesman; show-previews; sneakers:DressShoes2; sneakers:Shoes; sole:Rubber; style:Lace-Up; style:Plain Toe; tbsec:Classic Dress Shoes; thumbnails:seconds-mens-statesman; thursday-seconds; variant:Brown; width:Standard; YCRF_sizing,19,7,$38700 - $38700,Yes
"=""8042868375642""",[S] Chairman | Chocolate,_thrscnd_mens-dress-shoe-chairman-chocolate,Thursday Boots - Seconds - Men's Shoes,Shoes,7/29/2026,7/28/2026,8/8/2026,4col:Dress Shoes; anagram-enabled; bf21:Leather; bf21:M-Shoes; bf21:MBeanie; bf21:Men-Belt-BlackCoffee; bfcm-eligible; boat-shoes-loafer:Dress Shoes; bold:Dress Shoes; category-group:Shoes; category:Men's Shoes; color:Brown; extended-sizes; FinalSale; fit-quiz:occasional-true; fit_cat:half-down; fitfinder_inline; fqv2:half-down; free-gift; group:Shoes; keyword:Black; keyword:Executive; klaviyo:Men; loop:Men's Chairman; m_all:Dress Shoes; material:Leather; mens-shoes; mlp:mens-shoes; model:Chairman; ms-group:Classic Cap Toe; mss-group:Featured; new-arrivals:Chairman; new-arrivals:Dress Shoes; no-cs-variants; NoRefund; oxford search_term; pf-gender:Male; pf-status:active; pf-style:Lace-Up; pf-type:Shoes; price slider; product-switcher; recommend:-0.5; retail-sync; shoes:Chairman; show-previews; tbsec:Classic Dress Shoes; thumbnails:seconds-mens-chairman; thursday-seconds; variant:Black; width:Standard; YCRF_sizing,19,8,$40700 - $40700,Yes
"=""8042870898778""",[S] Chairman | Black,_thrscnd_mens-dress-shoe-chairman-black-leather,Thursday Boots - Seconds - Men's Shoes,Shoes,7/29/2026,7/28/2026,8/8/2026,4col:Dress Shoes; anagram-enabled; bf21:Leather; bf21:M-Shoes; bf21:MBeanie; bf21:Men-Belt-Black; bfcm-eligible; boat-shoes-loafer:Dress Shoes; category-group:Shoes; category:Men's Shoes; color:Black; extended-sizes; FinalSale; fit-quiz:occasional-true; fit_cat:half-down; fitfinder_inline; fqv2:half-down; free-gift; group:Shoes; holiday:Dress Shoes2; keyword:Black; keyword:Executive; klaviyo:Men; landing:Dress Shoes; loop:Men's Chairman; m-all:D-Featured-Shoes; m-all:Shoes2; m_all:Dress Shoes; material:Leather; mens-shoes; mlp:mens-shoes; model:Chairman; model:Featured Styles; ms-group:Classic Cap Toe; mss-group:Featured; new-arrivals:Chairman; new-arrivals:Dress Shoes; no-cs-variants; NoRefund; oxford search_term; pf-gender:Male; pf-status:active; pf-style:Lace-Up; pf-type:Shoes; price slider; product-switcher; recommend:-0.5; retail-sync; shoes:Chairman; show-previews; sneakers:Dress Shoes; sneakers:Shoes; tbsec:Classic Dress Shoes; thumbnails:seconds-mens-chairman; thursday-seconds; variant:Black; wide-shoes:Dress Shoes; wide:Shoes; width:Standard; width:Wide; YCRF_sizing,38,8,$40700 - $40700,Yes
"=""8042879746138""",[S] Combat | Java,_thrscnd_womens-combat-zip-up-boot-java,Thursday Boots - Seconds - Women's Boots,boots,7/29/2026,7/28/2026,8/8/2026,"4col:Combat; all:All; anagram-enabled; bf21:Leather; bf21:W-Boot-Brown; bf21:WBeanie; bfcm-eligible; black:More Favorites; category:Women's Boots; color:Brown; fall-favorites:Combat; FinalSale; fit_cat:true-to-size; fitfinder_inline; fqv2:half-up; free-gift; group:Boots; heel:Low (1-2""); klaviyo:Women; laceup:Combat; loop:Women's Combat; low-heel:Combat; lu:Combat; material:Leather; mlp:womens-boots-lu; model:Combat; new-arrivals:Combat; no-cs-variants; NoRefund; pf-gender:Female; pf-status:active; pf-style:Lace-Up; pf-type:Boots; product-switcher; psis:Combat; recommend:+0; retail-sync; show-previews; sole:Rubber; style:Combat; style:Lace-Up; style:Plain Toe; tbsec:Combat; thumbnails:seconds-combat; thursday-seconds; w-all:Lace-Up2; w-beanie; wb-group:Combat; wbs-group:Lace-Ups; womens-boots; zipper:Zipper",15,8,$40700 - $40700,Yes
"=""8042891247706""",[S] High Standard | Black,_thrscnd_womens-high-standard-heel-black-leather,Thursday Boots - Seconds - Women's Boots,boots,7/29/2026,7/28/2026,8/8/2026,"4col:Featured-Styles-3; 4col:High Standard; all:All; anagram-enabled; bf21:Leather; bf21:W-Boot-Black; bf21:WBeanie; bf21:Women-Belt-Black; bfcm-eligible; bfcm-restock; bootie:High Standard; category:Women's Boots; color:Black; cs:More From Thursday; FinalSale; fit_cat:true-to-size; fitfinder_inline; flats:More From Thursday; fqv2:tts-up; free-gift; group:Boots; heel:High (3-4""); high-heel:High Standard; holiday:Boots3; keyword:Black; klaviyo:Women; loop:Women's High Standard; ls-testing; material:Leather; mlp:womens-boots-hh; model:High Standard; new-arrivals:High Standard; no-cs-variants; NoRefund; pf-gender:Female; pf-status:active; pf-style:Bootie; pf-type:Boots; product-switcher; recommend:+0; retail-sync; shoes:More From Thursday; show-previews; style:Block Heel; style:Bootie; style:Plain Toe; tbsec:Stylish Zip-Ups; thumbnails:seconds-womens-high-standard; thursday-seconds; w-all:Booties3; w-all:D-Boots; w-beanie; wb-group:Highline; wbs-group:Highline; womens-boots; womens-shoes:More From Thursday; zipper:Zipper",15,8,$42700 - $42700,Yes
"=""8042892165210""",[S] Quest | Black Matte,_thrscnd_womens-quest-combat-platform-boot-black-matte,Thursday Boots - Seconds - Women's Boots,boots,7/29/2026,7/28/2026,8/8/2026,"4col:Featured-Styles-2; 4col:Quest; all:All; anagram-enabled; bf21:OilTanned; bf21:W-Boot-Black; bf21:WBeanie; bf21:Women-Belt-BlackMatte; bfcm-eligible; black:Boots; category:Women's Boots; color:Black; FinalSale; fit_cat:true-to-size; fitfinder_inline; fqv2:half-down; free-gift; group:Boots; heel:Low (1-2""); holiday:Boots2; klaviyo:Women; loop:Women's Quest; low-heel:Quest; material:Rugged; mlp:womens-boots-lu; model:Quest; new-arrivals:Quest; no-cs-variants; NoRefund; pf-gender:Female; pf-status:active; pf-style:Lace-Up; pf-type:Boots; product-switcher; recommend:+0; retail-sync; show-previews; sole:Rubber; style:Lace-Up; style:Plain Toe; tbsec:More Thursday Classics; thumbnails:seconds-womens-quest; thursday-seconds; w-all:D-Boots; w-all:Featured2; w-all:Lace-Up3; w-beanie; wbs-group:Lace-Ups; womens-boots; zipper:Zipper",15,11,$42700 - $42700,Yes
"=""8042882924634""",[S] Ryder Platform | Black,_thrscnd_womens-ryder-platform-zip-up-boot-black,Thursday Boots - Seconds - Women's Boots,boots,7/29/2026,7/28/2026,8/8/2026,"4col:Hardwearing Zip-Ups; 4col:Ryder; 4col:Stylish Zip-Ups; all:All; anagram-enabled; bf21:Leather; bf21:W-Boot-Black; bf21:WBeanie; bf21:Women-Belt-Black; bfcm-eligible; category:Women's Boots; color:Black; condensed:Ryder; FinalSale; fit_cat:true-to-size; fitfinder_inline; fqv2:tts-up; free-gift; group:Boots; heel:High (3-4""); high-heel:Ryder; holiday:Boots4; klaviyo:Women; loop:Women's Ryder; ls-testing; material:Leather; mlp:womens-boots-lu; model:Ryder; new-arrivals:Ryder; no-cs-variants; NoRefund; pf-gender:Female; pf-status:active; pf-style:Zip-Up; pf-type:Boots; product-switcher; recommend:+0; retail-sync; rilutest:FeaturedStyles; rilutest:FeaturedStylesM1; show-previews; sole:Rubber; style:Plain Toe; tbsec:More Thursday Classics; thumbnails:seconds-womens-ryder; thursday-seconds; w-beanie; womens-boots; zipper:Zipper",11,7,$38700 - $38700,Yes
"=""8042885382234""",[S] Quest | Dark Chocolate,_thrscnd_womens-quest-combat-platform-boot-dark-chocolate,Thursday Boots - Seconds - Women's Boots,boots,7/29/2026,7/28/2026,8/8/2026,"4col:Quest; all:All; anagram-enabled; bf21:Leather; bf21:W-Boot-Brown; bf21:WBeanie; bfcm-eligible; black:Boots; category:Women's Boots; color:Brown; FinalSale; fit_cat:true-to-size; fitfinder_inline; fqv2:half-down; free-gift; group:Boots; heel:Low (1-2""); klaviyo:Women; loop:Women's Quest; low-heel:Quest; material:Rugged; mlp:womens-boots-lu; model:Quest; new-arrivals:Quest; no-cs-variants; NoRefund; pf-gender:Female; pf-status:active; pf-style:Lace-Up; pf-type:Boots; product-switcher; recommend:+0; retail-sync; show-previews; sole:Rubber; style:Lace-Up; style:Plain Toe; tbsec:More Thursday Classics; thumbnails:seconds-womens-quest; thursday-seconds; w-beanie; wbs-group:Lace-Ups; womens-boots; zipper:Zipper",15,10,$42700 - $42700,Yes
"=""8042867523674""",[S] Reign | Black,_thrscnd_womens-reign-chelsea-boot-black,Thursday Boots - Seconds - Women's Boots,boots,7/29/2026,7/28/2026,8/8/2026,"4col:Reign; all:All; anagram-enabled; bf21:Leather; bf21:W-Boot-Black; bf21:WBeanie; bf21:Women-Belt-Black; bfcm-eligible; category:Women's Boots; chelsea:Reign; color:Black; extended-sizes; FinalSale; fit_cat:true-to-size; fitfinder_inline; fqv2:tts-up; free-gift; group:Boots; heel:High (3-4""); high-heel:Reign; holiday:Boots4; klaviyo:Women; loop:Women's Reign; material:Leather; mlp:womens-boots-chelsea; model:Reign; new-arrivals:Reign; no-cs-variants; NoRefund; pf-gender:Female; pf-status:active; pf-style:Zip-Up; pf-type:Boots; product-switcher; recommend:+0; retail-sync; show-previews; sole:Rubber; style:Chelsea; style:Plain Toe; tall:Reign; tbsec:More Thursday Classics; thumbnails:seconds-womens-reign; thursday-seconds; w-all:Chelsea3; w-beanie; width:Wide; womens-boots",26,7,$36100 - $36100,Yes
"=""8042888298586""",[S] Knockout | Black,_thrscnd_womens-knockout-chelsea-boot-black-leather,Thursday Boots - Seconds - Women's Boots,boots,7/29/2026,7/28/2026,8/8/2026,"4col:Featured Styles; 4col:Knockout; all:All; anagram-enabled; bf21:Leather; bf21:W-Boot-Black; bf21:WBeanie; bf21:Women-Belt-Black; bfcm-eligible; category:Women's Boots; chelsea:Knockout; color:Black; FinalSale; fit_cat:true-to-size; fitfinder_inline; fqv2:tts-down; free-gift; group:Boots; heel:High (3-4""); high-heel:Knockout; holiday:Boots4; klaviyo:Women; loop:Women's Knockout; ls-testing; material:Leather; mlp:womens-boots-chelsea; mobile-view-first; model:Knockout; new-arrivals:Knockout; no-cs-variants; NoRefund; pf-gender:Female; pf-status:active; pf-style:Chelsea; pf-type:Boots; product-switcher; recommend:+0; retail-sync; show-previews; sole:Rubber; style:Chelsea; style:Plain Toe; tbsec:Knockout; thumbnails:seconds-knockout; thursday-seconds; w-all:Chelsea3; w-beanie; wb-group:Knockout; wbs-group:Knockout; womens-boots; zipper:No Zipper",17,8,$36100 - $36100,Yes
"=""8042880532570""",[S] Crown | Black,_thrscnd_womens-crown-zip-up-riding-boot-black,Thursday Boots - Seconds - Women's Boots,boots,7/29/2026,7/28/2026,8/8/2026,"4col:Crown; 4col:Featured-Styles-3; all:All; anagram-enabled; bf21:Leather; bf21:W-Boot-Black; bf21:WBeanie; bf21:Women-Belt-Black; bfcm-eligible; bfcm-restock; calf-widths; category:Women's Boots; color:Black; FinalSale; fit-guide; fit_cat:true-to-size; fitfinder_inline; fqv2:tts-up; free-gift; group:Boots; heel:Low (1-2""); holiday:Boots4; klaviyo:Women; loop:Women's Crown; low-heel:Crown; ls-testing; material:Leather; mlp:womens-boots-hh; model:Crown; new-arrivals:Crown; no-cs-variants; NoRefund; pf-gender:Female; pf-status:active; pf-type:Boots; product-switcher; recommend:+0.5; retail-sync; show-previews; style:Western; tall-details; tall:Crown; tbsec:Stylish Zip-Ups; thumbnails:seconds-womens-crown; thursday-seconds; w-all:Western Boots; w-alll:Western Boots; w-beanie; width:Standard; width:Wide Calf; wl-test; womens-boots; zipper:Zipper",30,9,$50400 - $50400,Yes
"=""8042890297434""",[S] Downtown | Black,_thrscnd_womens-downtown-bootie-black,Thursday Boots - Seconds - Women's Boots,boots,7/29/2026,7/28/2026,8/8/2026,"4col:Downtown; 4col:Featured-Styles-3; all:All; anagram-enabled; bf21:Leather; bf21:W-Boot-Black; bf21:WBeanie; bf21:Women-Belt-Black; bfcm-eligible; bootie:Downtown; category:Women's Boots; color:Black; cs-high-heel:More From Thursday; cs:More From Thursday; cs:Thursday2; FinalSale; fit_cat:true-to-size; fitfinder_inline; flats:More From Thursday; fqv2:half-up; free-gift; group:Boots; heel:Low (1-2""); high-heel:More; high-heel:More From Thursday; holiday:Boots3; jackets:Complete The Look; klaviyo:Women; loop:Women's Downtown; low-heel:Downtown; ls-testing; material:Leather; mlp:womens-boots-bootie; model:Downtown; new-arrivals:Downtown; new-arrivals:More From Thursday; no-cs-variants; NoRefund; pf-gender:Female; pf-status:active; pf-style:Bootie; pf-type:Boots; product-switcher; psis:Downtown; psis:Featured-Styles-3; recommend:+0; retail-sync; rilutest:FeaturedStyles; rilutest:FeaturedStylesM1; shoes:More From Thursday; show-previews; style:Block Heel; style:Bootie; style:Plain Toe; tbsec:Stylish Zip-Ups; thumbnails-downtown; thumbnails:seconds-womens-downtown; thursday-seconds; w-all:Booties; w-all:Featured3; w-beanie; wb-group:Booties; wbs-group:Booties; womens-boots; womens-shoes:More From Thursday; womens-sneakers:Essential Boots; womens-sneakers:More From Thursday; zipper:Zipper",15,9,$32100 - $32100,Yes
"=""8042878206042""",[S] Uptown | Black,_thrscnd_womens-uptown-bootie-black,Thursday Boots - Seconds - Women's Boots,boots,7/29/2026,7/28/2026,8/8/2026,"4col:Uptown; all:All; anagram-enabled; bf21:Leather; bf21:W-Boot-Black; bf21:WBeanie; bf21:Women-Belt-Black; bfcm-eligible; bootie:Uptown; category:Women's Boots; color:Black; cs:More From Thursday; FinalSale; fit_cat:true-to-size; fitfinder_inline; flats:More From Thursday; fqv2:tts-up; free-gift; group:Boots; heel:High (3-4""); high-heel:Uptown; holiday:Boots3; klaviyo:Women; loop:Women's Uptown; material:Leather; mlp:womens-boots-bootie; model:Uptown; new-arrivals:Uptown; no-cs-variants; NoRefund; pf-gender:Female; pf-status:active; pf-style:Bootie; pf-type:Boots; product-switcher; recommend:+0.5; retail-sync; shoes:More From Thursday; show-previews; style:Block Heel; style:Bootie; style:Plain Toe; tbsec:Stylish Zip-Ups; thumbnails:seconds-womens-uptown; thursday-seconds; w-beanie; womens-boots; womens-shoes:More From Thursday; zipper:Zipper",15,9,$38700 - $38700,Yes
"=""8042889281626""",[S] Penny | Burgundy,_thrscnd_womens-penny-loafer-lug-sole-burgundy-leather,Thursday Boots - Seconds - Women's Shoes,Shoes,7/29/2026,7/28/2026,8/8/2026,anagram-enabled; bf21:Leather; bf21:W-Boot-Brown; bf21:W-Shoes; bf21:WBeanie; bfcm-eligible; bfcm-restock; bis-sms; category:Women's Shoes; color:Brown; condensed:Penny; cs:Shoes; cs:Shoes & Flats; FinalSale; fit_cat:true-to-size; fitfinder_inline; fqv2:tts-up; free-gift; gender:Women's; holiday:Shoes; jackets:Everyday Favorites; keyword:penny loafer; klaviyo:Women; loop:Women's Penny; material:Leather; mlp:womens-shoes; mobile-details; model:Penny; new-arrivals:Penny; no-cs-variants; NoRefund; param_selector; pf-gender:Female; recommend:+0; retail-sync; rilutest:Penny; rilutest:PennyM1; show-previews; silhouettes:sil-womens-penny; size_standard:US Women's; tbsec:Shoes; thumb-groups:seconds-womens-penny;seconds-womens-penny-platform; thumbnails:seconds-womens-penny; thursday-seconds; w-all:D-Shoes; w-all:Shoes; w-beanie; wl-test; womens-penny-platform; womens-shoes:Penny; womens-shoes:Penny1,17,8,$32100 - $32100,Yes
"=""8042886463578""",[S] Penny Platform | Black,_thrscnd_womens-penny-platform-loafer-lug-sole-black,Thursday Boots - Seconds - Women's Shoes,Shoes,7/29/2026,7/28/2026,8/8/2026,anagram-enabled; bf21:Leather; bf21:W-Shoes; bf21:WBeanie; bf21:Women-Belt-Black; bfcm-eligible; bis-sms; category:Women's Shoes; color:Black; cs:Shoes; cs:Shoes & Flats; FinalSale; fit_cat:true-to-size; fitfinder_inline; fqv2:tts-up; free-gift; gender:Women's; jackets:Everyday Favorites; keyword:penny loafer; klaviyo:Women; loop:Women's Penny Platform; ls-testing; material:Leather; mlp:womens-shoes; mobile-details; model:Penny Platform; new-arrivals:Penny Platform; no-cs-variants; NoRefund; param_selector; pf-gender:Female; recommend:+0; retail-sync; show-previews; silhouettes:sil-womens-penny; size_standard:US Women's; tbsec:Shoes; thumb-groups:seconds-womens-penny;seconds-womens-penny-platform; thumbnails:seconds-womens-penny-platform; thursday-seconds; w-all:D-Shoes; w-all:Shoes2; w-beanie; womens-penny-platform,17,8,$32900 - $32900,Yes
"=""8042875519066""",[S] Eden | Ginger,_thrscnd_womens-eden-slip-on-loafer-ginger,Thursday Boots - Seconds - Women's Shoes,Shoes,7/29/2026,7/28/2026,8/8/2026,anagram-enabled; bf21:Leather; bf21:W-Boot-Brown; bf21:W-Shoes; bf21:WBeanie; bfcm-eligible; bis-sms; category:Women's Shoes; color:Tan; cs:Shoes; FinalSale; fit_cat:true-to-size; fitfinder_inline; fqv2:tts-up; free-gift; gender:Women's; holiday:Shoes2; jackets:Everyday Favorites; klaviyo:Women; loop:Women's Eden; material:Leather; mlp:womens-shoes; model:Eden; new-arrivals:Eden; no-cs-variants; NoRefund; param_selector; pf-gender:Female; recommend:+0; retail-sync; show-previews; size_standard:US Women's; tbsec:Shoes; thumbnails:seconds-womens-eden; thursday-seconds; w-all:D-Shoes; w-all:Shoes3; womens-shoes:Eden; womens-shoes:Featured-Styles-2,15,8,$25800 - $25800,Yes
"=""8042873552986""",[S] Penny | Black & Gold,_thrscnd_womens-penny-horsebit-loafer-black-gold,Thursday Boots - Seconds - Women's Shoes,Shoes,7/29/2026,7/28/2026,8/8/2026,anagram-enabled; bf21:Leather; bf21:W-Shoes; bf21:WBeanie; bf21:Women-Belt-Black; bfcm-eligible; bis-sms; category:Women's Shoes; color:Black; cs:Shoes; cs:Shoes & Flats; FinalSale; fit_cat:true-to-size; fitfinder_inline; fqv2:tts-up; free-gift; gender:Women's; holiday:Shoes; jackets:Everyday Favorites; keyword:penny loafer; klaviyo:Women; loop:Women's Penny (with hardware); ls-testing; material:Leather; mlp:womens-shoes; mobile-details; model:Penny; new-arrivals:Penny; no-cs-variants; NoRefund; param_selector; pf-gender:Female; recommend:+0; retail-sync; rilutest:Penny; rilutest:PennyM2; show-previews; silhouettes:sil-womens-penny; size_standard:US Women's; tbsec:Shoes; thumb-groups:seconds-womens-penny;seconds-womens-penny-platform; thumbnails:seconds-womens-penny; thursday-seconds; w-all:D-Shoes; w-beanie; womens-shoes:Penny; womens-shoes:Penny2,15,8,$34400 - $34400,Yes
"=""8042892984410""",[S] Penny | Black,_thrscnd_womens-penny-loafer-lug-sole-black-leather,Thursday Boots - Seconds - Women's Shoes,Shoes,7/29/2026,7/28/2026,8/8/2026,anagram-enabled; bf21:Leather; bf21:W-Shoes; bf21:WBeanie; bf21:Women-Belt-Black; bfcm-eligible; bis-sms; category:Women's Shoes; color:Black; condensed:Penny; cs:Shoes; cs:Shoes & Flats; FinalSale; fit_cat:true-to-size; fitfinder_inline; fqv2:tts-up; free-gift; gender:Women's; holiday:Shoes; jackets:Everyday Favorites; keyword:penny loafer; klaviyo:Women; loop:Women's Penny; material:Leather; mlp:womens-shoes; mobile-details; model:Penny; new-arrivals:New Lug Soles; new-arrivals:Penny; no-cs-variants; NoRefund; param_selector; pf-gender:Female; recommend:+0; retail-sync; rilutest:Penny; rilutest:PennyM1; show-previews; silhouettes:sil-womens-penny; size_standard:US Women's; tbsec:Shoes; thumb-groups:seconds-womens-penny;seconds-womens-penny-platform; thumbnails:seconds-womens-penny; thursday-seconds; w-all:D-Shoes; w-all:Shoes; w-beanie; womens-penny-platform; womens-shoes:Penny; womens-shoes:Penny1,17,8,$32100 - $32100,Yes
"=""8042866606170""",[S] Lincoln | Rich Mahogany,_thrscnd_mens-lincoln-penny-loafer-rich-mahogany,Thursday Boots - Seconds - Men's Shoes,Shoes,7/29/2026,7/28/2026,8/8/2026,4col:Dress Shoes; all:All; anagram-enabled; bf21:Leather; bf21:M-Shoes; bf21:MBeanie; bf21:Men-Belt-BlackCoffee; bfcm-eligible; boat-shoes-loafer:Lincoln; casual-shoes:Lincoln; category-group:Shoes; category:Men's Shoes; color:Brown; extended-sizes; FinalSale; fit-quiz:occasional-true; fit_cat:half-down; fitfinder_inline; fqv2:half-down; free-gift; group:Shoes; holiday:Dress Shoes; keyword:Black; keyword:Lincoln; keyword:penny loafer; kfc:picks-2; klaviyo:Men; landing:Dress-Shoes-2; loop:Men's Lincoln; m-all:D-Featured-Shoes; m-all:Shoes; material:Leather; mens-shoes; mlp:mens-shoes; mobile-details; model:Featured Styles; model:Lincoln; ms-group:Lincoln; mss-group:Lincoln; no-cs-variants; NoRefund; pf-gender:Male; pf-status:active; pf-style:Loafer; pf-type:Shoes; product-switcher; recommend:-0.5; retail-sync; shoes:Featured Styles; shoes:Lincoln; show-previews; sneakers:Shoes; style:Loafer; tbsec:Classic Dress Shoes; thumbnails:seconds-mens-lincoln; thursday-seconds; wide-shoes:Dress Shoes; wide:Shoes; width:Standard; width:Wide; YCRF_sizing,38,7,$40700 - $40700,Yes
"=""146265243657""",[S] Vanguard | French Roast,_thrscnd_mens-vanguard-french-roast,Thursday Boots - Seconds - Men's Boots,boots,7/29/2026,1/10/2018,8/8/2026,category:Men's Boots; color:Brown; FinalSale; findify-remove; fit:vanguard; fit_cat:half-down; group:Boots; klaviyo:Men; material:Leather; model:Vanguard; NoRefund; pf-gender:Male; pf-status:active; pf-style:Lace-Up; pf-type:Boots; product-switcher; recommend:-0.5; recurate-disqualify; recurate-hide; related:_thrscnd_vanguard-french-roast; sole:Rubber; style:Cap Toe; style:Lace-Up; thumbnails:seconds-mens-vanguard; thursday-seconds; wh-sale-2024; wh24:Men's Boots; width:Standard; YCRF_sizing,15,7,$54100 - $54100,Yes
"=""8037053497434""",Men's Marled Sock | Midnight Blue,mens-sodello-marled-sock-midnight-blue,Thursday Boots - Accessories,Socks,7/28/2026,7/24/2026,8/8/2026,aa_mens-socks-bfcm; accessories; accessory-full; all:All; apparel:Sodello Socks; bf2020-100; BIS; category:Socks; color:Blue; credit_fee:500; discount:1400; exchange_fee:500; gender:Unisex; group:Apparel; gwp-eligible; klaviyo:Men; live_product; model:Sodello Marled Socks; newsocks:ClassicCrewSocks3; pf-gender:Unisex; pf-status:active; pf-style:Socks; pf-type:Accessories; product-switcher; recurate-hide; refund_fee: 500; retail-sync; single-sock; socks; thumb-groups:mens-marled-sock;mens-marled-sock-bundle; thumbnails:mens-marled-sock; YGroup_sodello-mens-marled-sock; yotpo-reviews,1,2,$4100 - $4100,Yes
"=""8037049106522""",Men's Marled Sock | Timber,mens-sodello-marled-sock-timber,Thursday Boots - Accessories,Socks,7/28/2026,7/24/2026,8/8/2026,aa_mens-socks-bfcm; accessories; accessory-full; all:All; apparel:Sodello Socks; bf2020-100; BIS; category:Socks; color:Brown; credit_fee:500; discount:1400; exchange_fee:500; gender:Unisex; group:Apparel; gwp-eligible; klaviyo:Men; live_product; model:Sodello Marled Socks; newsocks:ClassicCrewSocks4; pf-gender:Unisex; pf-status:active; pf-style:Socks; pf-type:Accessories; product-switcher; recurate-hide; refund_fee: 500; retail-sync; single-sock; socks; thumb-groups:mens-marled-sock;mens-marled-sock-bundle; thumbnails:mens-marled-sock; YGroup_sodello-mens-marled-sock; yotpo-reviews,1,2,$4100 - $4100,Yes
"=""8037044519002""",Men's Marled Sock | Harvest,mens-sodello-marled-sock-harvest,Thursday Boots - Accessories,Socks,7/28/2026,7/24/2026,8/8/2026,aa_mens-socks-bfcm; accessories; accessory-full; all:All; apparel:Sodello Socks; bf2020-100; BIS; category:Socks; color:Tan; credit_fee:500; discount:1400; exchange_fee:500; gender:Unisex; group:Apparel; gwp-eligible; klaviyo:Men; live_product; model:Sodello Marled Socks; newsocks:ClassicCrewSocks4; pf-gender:Unisex; pf-status:active; pf-style:Socks; pf-type:Accessories; product-switcher; recurate-hide; refund_fee: 500; retail-sync; single-sock; socks; thumb-groups:mens-marled-sock;mens-marled-sock-bundle; thumbnails:mens-marled-sock; YGroup_sodello-mens-marled-sock; yotpo-reviews,1,2,$4100 - $4100,Yes
"=""8036997103706""",Men's Marled Sock | Black,mens-sodello-marled-sock-black,Thursday Boots - Accessories,Socks,7/28/2026,7/24/2026,8/8/2026,aa_mens-socks-bfcm; accessories; accessory-full; all:All; apparel:Sodello Socks; bf2020-100; BIS; category:Socks; color:Black; credit_fee:500; discount:1400; exchange_fee:500; gender:Unisex; group:Apparel; gwp-eligible; klaviyo:Men; live_product; model:Sodello Marled Socks; newsocks:ClassicCrewSocks3; pf-gender:Unisex; pf-status:active; pf-style:Socks; pf-type:Accessories; product-switcher; recurate-hide; refund_fee: 500; retail-sync; single-sock; socks; thumb-groups:mens-marled-sock;mens-marled-sock-bundle; thumbnails:mens-marled-sock; YGroup_sodello-mens-marled-sock; yotpo-reviews,1,2,$4100 - $4100,Yes
"=""8038343475290""",Women's Marled Sock | Midnight Blue,womens-sodello-marled-sock-midnight-blue,Thursday Boots - Accessories,Socks,7/28/2026,7/24/2026,8/8/2026,accessories; accessory-full; all:All; apparel:Sodello Socks; bf2020-100; BIS; category:Socks; color:Blue; credit_fee:500; discount:1400; exchange_fee:500; gender:Unisex; group:Apparel; gwp-eligible; klaviyo:Women; live_product; model:Sodello Marled Socks; newsocks:ClassicCrewSocks2; pf-gender:Unisex; pf-status:active; pf-style:Socks; pf-type:Accessories; product-switcher; recurate-hide; refund_fee: 500; retail-sync; single-sock; socks; thumb-groups:womens-marled-sock;womens-marled-sock-bundle; thumbnails:womens-marled-sock; YGroup_sodello-womens-marled-sock; yotpo-reviews,1,2,$4100 - $4100,Yes
"=""8038327025754""",Women's Marled Sock | Timber,womens-sodello-marled-sock-timber,Thursday Boots - Accessories,Socks,7/28/2026,7/24/2026,8/8/2026,accessories; accessory-full; all:All; apparel:Sodello Socks; bf2020-100; BIS; category:Socks; color:Brown; credit_fee:500; discount:1400; exchange_fee:500; gender:Unisex; group:Apparel; gwp-eligible; klaviyo:Women; live_product; model:Sodello Marled Socks; newsocks:ClassicCrewSocks3; pf-gender:Unisex; pf-status:active; pf-style:Socks; pf-type:Accessories; product-switcher; recurate-hide; refund_fee: 500; retail-sync; single-sock; socks; thumb-groups:womens-marled-sock;womens-marled-sock-bundle; thumbnails:womens-marled-sock; YGroup_sodello-womens-marled-sock; yotpo-reviews,1,2,$4100 - $4100,Yes
"=""8037062770778""",Women's Marled Sock | Harvest,womens-sodello-marled-sock-harvest,Thursday Boots - Accessories,Socks,7/28/2026,7/24/2026,8/8/2026,accessories; accessory-full; all:All; apparel:Sodello Socks; bf2020-100; BIS; category:Socks; color:Tan; credit_fee:500; discount:1400; exchange_fee:500; gender:Unisex; group:Apparel; gwp-eligible; klaviyo:Women; live_product; model:Sodello Marled Socks; newsocks:ClassicCrewSocks3; pf-gender:Unisex; pf-status:active; pf-style:Socks; pf-type:Accessories; product-switcher; recurate-hide; refund_fee: 500; retail-sync; single-sock; socks; thumb-groups:womens-marled-sock;womens-marled-sock-bundle; thumbnails:womens-marled-sock; YGroup_sodello-womens-marled-sock; yotpo-reviews,1,2,$4100 - $4100,Yes
"=""8037058183258""",Women's Marled Sock | Black,womens-sodello-marled-sock-black,Thursday Boots - Accessories,Socks,7/28/2026,7/24/2026,8/8/2026,accessories; accessory-full; all:All; apparel:Sodello Socks; bf2020-100; BIS; category:Socks; color:Black; credit_fee:500; discount:1400; exchange_fee:500; gender:Unisex; group:Apparel; gwp-eligible; klaviyo:Women; live_product; model:Sodello Marled Socks; newsocks:ClassicCrewSocks2; pf-gender:Unisex; pf-status:active; pf-style:Socks; pf-type:Accessories; product-switcher; recurate-hide; refund_fee: 500; retail-sync; single-sock; socks; thumb-groups:womens-marled-sock;womens-marled-sock-bundle; thumbnails:womens-marled-sock; YGroup_sodello-womens-marled-sock; yotpo-reviews,1,2,$4100 - $4100,Yes
"=""8024316805210""",Women’s Ruffle Rib Quarter Sock | Studio 4-Pack,womens-ruffle-rib-quarter-sock-studio-4-pack,Thursday Boots - Accessories,Socks,7/17/2026,7/17/2026,8/8/2026,accessory-full; BIS; bundle-item; color:Black; credit_fee:500; exchange_fee:500; FinalSale; gender:Women's; keyword:Black; klaviyo:Women; material:Cotton; model:Ruffle Rib Quarter Sock; pf-gender:Female; pf-status:active; pf-style:Socks; pf-type:Accessories; product-switcher; recurate-hide; refund_fee: 500; socks; thumb-groups:womens-ruffle-rib-quarter-sock;womens-ruffle-rib-quarter-sock-bundles; thumbnails:womens-ruffle-rib-quarter-sock-bundles; virtual-bundle; YGroup_womens-ruffle-rib-quarter-sock-bundles,1,1,$13200 - $13200,No
"=""8024285053018""",Women’s Ruffle Rib Quarter Sock | White x Black Polka Dot,womens-ruffle-rib-quarter-sock-white-black-polkadot,Thursday Boots - Accessories,Socks,7/17/2026,7/17/2026,8/8/2026,accessory-full; bf2020-100; BIS; category:Socks; color:White; credit_fee:500; discount:1000; exchange_fee:500; gender:Women's; group:Apparel; gwp-eligible; keyword:Black; klaviyo:Women; material:Cotton; model:Ruffle Rib Quarter Sock; newsocks:Ruffle Rib Quarter; pf-gender:Female; pf-status:active; pf-style:Socks; pf-type:Accessories; product-switcher; recurate-hide; refund_fee: 500; single-sock; socks; thumb-groups:womens-ruffle-rib-quarter-sock;womens-ruffle-rib-quarter-sock-bundles; thumbnails:womens-ruffle-rib-quarter-sock; YGroup_womens-ruffle-rib-quarter-sock,1,2,$4100 - $4100,Yes
"=""8024271913050""",Women’s Ruffle Rib Quarter Sock | White x Rose Embroidery,womens-ruffle-rib-quarter-sock-white-rose-embroidery,Thursday Boots - Accessories,Socks,7/17/2026,7/17/2026,8/8/2026,accessory-full; bf2020-100; BIS; category:Socks; color:White; credit_fee:500; discount:1000; exchange_fee:500; gender:Women's; group:Apparel; gwp-eligible; keyword:Black; klaviyo:Women; material:Cotton; model:Ruffle Rib Quarter Sock; newsocks:Ruffle Rib Quarter; pf-gender:Female; pf-status:active; pf-style:Socks; pf-type:Accessories; product-switcher; recurate-hide; refund_fee: 500; single-sock; socks; thumb-groups:womens-ruffle-rib-quarter-sock;womens-ruffle-rib-quarter-sock-bundles; thumbnails:womens-ruffle-rib-quarter-sock; YGroup_womens-ruffle-rib-quarter-sock,1,2,$4100 - $4100,Yes
"=""7343782002778""",Women's Beanie | Heather Grey,womens-beanie-heather-grey,Thursday Boots - Accessories,Hats,7/9/2026,11/27/2024,8/8/2026,accessories; all:All; BIS; category:Beanies; color:Grey; credit_fee:500; exchange_fee:500; group:Apparel; gwp-eligible; klaviyo:Women; live_product; material:Acrylic; model:Thursday Beanie; pf-gender:Unisex; pf-status:active; pf-style:Hat; pf-type:Accessories; product-switcher; recurate-hide; refund_fee: 500; retail-sync; thumbnails:womens-beanies; YGroup_watch-cap,1,5,$7200 - $7200,Yes
"=""7343780921434""",Women's Beanie | Black,womens-beanie-black,Thursday Boots - Accessories,Hats,7/9/2026,11/27/2024,8/8/2026,accessories; all:All; BIS; category:Beanies; color:Black; credit_fee:500; exchange_fee:500; group:Apparel; gwp-eligible; klaviyo:Women; live_product; material:Acrylic; model:Thursday Beanie; pf-gender:Unisex; pf-status:active; pf-style:Hat; pf-type:Accessories; product-switcher; recurate-hide; refund_fee: 500; retail-sync; thumbnails:womens-beanies; YGroup_mens-watch-cap; YGroup_watch-cap,1,5,$7200 - $7200,Yes
"=""7336629600346""",Men's Beanie | Heather Grey,mens-beanie-heather-grey,Thursday Boots - Accessories,Hats,7/9/2026,11/16/2024,8/8/2026,accessories; all:All; BIS; category:Beanies; color:Grey; credit_fee:500; exchange_fee:500; group:Apparel; gwp-eligible; klaviyo:Men; live_product; material:Acrylic; model:Thursday Beanie; pf-gender:Unisex; pf-status:active; pf-style:Hat; pf-type:Accessories; product-switcher; recurate-hide; refund_fee: 500; retail-sync; thumbnails:mens-beanie; YGroup_watch-cap,1,6,$7200 - $7200,Yes
"=""7336628715610""",Men's Beanie | Black,mens-beanie-black,Thursday Boots - Accessories,Hats,7/9/2026,11/16/2024,8/8/2026,accessories; all:All; BIS; category:Beanies; color:Black; credit_fee:500; exchange_fee:500; group:Apparel; gwp-eligible; klaviyo:Men; live_product; material:Acrylic; model:Thursday Beanie; pf-gender:Unisex; pf-status:active; pf-style:Hat; pf-type:Accessories; product-switcher; recurate-hide; refund_fee: 500; retail-sync; thumbnails:mens-beanie; YGroup_watch-cap,1,6,$7200 - $7200,Yes
"=""7887914041434""",Linen Camp Shirt | White & Indigo,mens-linen-camp-shirt-white-indigo,Thursday - Men's Shirts,Shirts,6/24/2026,4/28/2026,8/8/2026,accessories; accessory-full; all:All; anagram-enabled; bf21:MBeanie; bf21:Men-Belt-Brown; bf21:Shirt; bfcm-eligible; BIS; color:White; credit_fee:FREE; exchange_fee:FREE; free-gift; highlight:New Arrival; honest-pricing; interactive-details; klaviyo:Men; live_product; loop-accessory; material:Linen; mens-shirts; mlp:mens-shirts; model:Linen Camp Shirt; pf-gender:Male; product-switcher; redo:linen camp shirt; refund_fee: FREE; retail-sync; shirts:Linen Camp Shirt; show-previews; show-sizing-tip; show_recs; size-chart; size:tbc-shirt; thumb-groups:mens-linen-shirt;mens-linen-camp-shirt; thumbnails:mens-linen-camp-shirt; trove-exclude; wair-enabled; wair-testing; YGroup_mens-linen-camp-shirt,5,8,$28100 - $28100,Yes
"=""7887911845978""",Linen Camp Shirt | Light Blue,mens-linen-camp-shirt-light-blue,Thursday - Men's Shirts,Shirts,6/24/2026,4/28/2026,8/8/2026,accessories; accessory-full; all:All; anagram-enabled; bf21:MBeanie; bf21:Men-Belt-Brown; bf21:Shirt; bfcm-eligible; BIS; color:Blue; credit_fee:FREE; exchange_fee:FREE; free-gift; highlight:New Arrival; honest-pricing; interactive-details; klaviyo:Men; live_product; loop-accessory; material:Linen; mens-shirts; mlp:mens-shirts; model:Linen Camp Shirt; pf-gender:Male; product-switcher; redo:linen camp shirt; refund_fee: FREE; retail-sync; shirts:Linen Camp Shirt; show-previews; show-sizing-tip; show_recs; size-chart; size:tbc-shirt; thumb-groups:mens-linen-shirt;mens-linen-camp-shirt; thumbnails:mens-linen-camp-shirt; trove-exclude; wair-enabled; wair-testing; YGroup_mens-linen-camp-shirt,5,8,$28100 - $28100,Yes
"=""7887909388378""",Linen Camp Shirt | White,mens-linen-camp-shirt-white,Thursday - Men's Shirts,Shirts,6/24/2026,4/28/2026,8/8/2026,accessories; accessory-full; all:All; anagram-enabled; bf21:MBeanie; bf21:Men-Belt-Brown; bf21:Shirt; bfcm-eligible; BIS; color:White; credit_fee:FREE; exchange_fee:FREE; free-gift; highlight:New Arrival; honest-pricing; interactive-details; klaviyo:Men; live_product; loop-accessory; material:Linen; mens-shirts; mlp:mens-shirts; model:Linen Camp Shirt; pf-gender:Male; product-switcher; redo:linen camp shirt; refund_fee: FREE; retail-sync; shirts:Linen Camp Shirt; show-previews; show-sizing-tip; show_recs; size-chart; size:tbc-shirt; thumb-groups:mens-linen-shirt;mens-linen-camp-shirt; thumbnails:mens-linen-camp-shirt; trove-exclude; wair-enabled; wair-testing; YGroup_mens-linen-camp-shirt,5,8,$28100 - $28100,Yes
"=""7887897886810""",Linen Camp Shirt | Olive,mens-linen-camp-shirt-olive,Thursday - Men's Shirts,Shirts,6/24/2026,4/28/2026,8/8/2026,accessories; accessory-full; all:All; anagram-enabled; bf21:MBeanie; bf21:Men-Belt-Brown; bf21:Shirt; bfcm-eligible; BIS; color:Olive; credit_fee:FREE; exchange_fee:FREE; free-gift; highlight:New Arrival; honest-pricing; interactive-details; klaviyo:Men; live_product; loop-accessory; material:Linen; mens-shirts; mlp:mens-shirts; model:Linen Camp Shirt; pf-gender:Male; product-switcher; redo:linen camp shirt; refund_fee: FREE; retail-sync; shirts:Linen Camp Shirt; show-previews; show-sizing-tip; show_recs; size-chart; size:tbc-shirt; thumb-groups:mens-linen-shirt;mens-linen-camp-shirt; thumbnails:mens-linen-camp-shirt; trove-exclude; wair-enabled; wair-testing; YGroup_mens-linen-camp-shirt,5,8,$28100 - $28100,Yes
"=""7444717994074""",Cobbler's Choice Leather Conditioner + Brush Bundle,leather-conditioner-brush-bundle,Thursday Boots - Accessories,Shoe Care,6/11/2026,4/9/2025,8/8/2026,accessory-full; all:All; BIS; bundle-item; care-type:Leather; cobblers-choice; credit_fee:500; exchange_fee:500; klaviyo:Unisex; live_product; loop-accessory; pf-gender:Unisex; pf-status:active; pf-style:Shoe Care; pf-type:Accessories; product-switcher; recurate-disqualify; recurate-hide; refund_fee: 500; retail-sync; thumbnails:shoe-care-bundles; trove-exclude,1,3,$7200 - $7200,Yes
"=""7444713570394""",Cobbler's Choice Leather Cleaner + Brush Bundle,leather-cleaner-brush-bundle,Thursday Boots - Accessories,Shoe Care,6/3/2026,4/9/2025,8/8/2026,accessory-full; all:All; BIS; bundle-item; care-type:Leather; cobblers-choice; credit_fee:500; exchange_fee:500; klaviyo:Unisex; live_product; loop-accessory; pf-gender:Unisex; pf-status:active; pf-style:Shoe Care; pf-type:Accessories; product-switcher; recurate-disqualify; recurate-hide; refund_fee: 500; retail-sync; thumbnails:shoe-care-bundles; trove-exclude,1,3,$5800 - $5800,Yes
"=""7929277153370""",legacy retail test,legacy-retail-test,Thursday Boot Company,,5/27/2026,5/27/2026,8/8/2026,,1,0,$0 - $0,Yes
"=""7867950039130""",Vesper | Dark Brown,womens-vesper-knee-high-riding-boot-dark-brown,Thursday Boots - Women's,boots,5/21/2026,4/15/2026,8/8/2026,"4col:Vesper; all:All; anagram-enabled; bf21:Leather; bf21:W-Boot-Black; bf21:WBeanie; bf21:Women-Belt-Black; bfcm-eligible; bfcm-restock; BIS; calf-widths; category:Women's Boots; color:Brown; credit_fee:FREE; exchange_fee:FREE; extended-sizes; fit-guide; fit_cat:true-to-size; fitfinder_inline; fqv2:tts-up; free-gift; group:Boots; heel:Low (1-2""); honest-pricing; interactive-details; klaviyo:Women; live_product; ls-testing; material:Leather; mlp:womens-boots-hh; model:Vesper; no-cs-variants; pf-gender:Female; pf-status:active; pf-type:Boots; product-switcher; recommend:+0.5; redo:vesper; refund_fee: FREE; retail-sync; show-previews; show_recs; tall-details; thumbnails:womens-vesper; trove-exclude; w-beanie; width:Standard; width:Wide Calf; wl-test; womens-boots; YGroup_womens-vesper-boots; zipper:Zipper",30,10,$70100 - $70100,Yes
"=""7868037890138""",Soleil | Snow White,womens-soleil-knee-high-riding-boot-snow-white,Thursday Boots - Women's,boots,5/21/2026,4/16/2026,8/8/2026,"4col:Soleil; all:All; anagram-enabled; bf21:Leather; bf21:W-Boot-Black; bf21:WBeanie; bf21:Women-Belt-Black; bfcm-eligible; bfcm-restock; BIS; calf-widths; category:Women's Boots; color:White; credit_fee:FREE; exchange_fee:FREE; extended-sizes; fit-guide; fit_cat:true-to-size; fitfinder_inline; fqv2:tts-up; free-gift; group:Boots; heel:High (3-4""); honest-pricing; interactive-details; klaviyo:Women; live_product; material:Leather; mlp:womens-boots-hh; model:Soleil; no-cs-variants; pf-gender:Female; pf-status:active; pf-type:Boots; product-switcher; recommend:+0.5; redo:soleil; refund_fee: FREE; retail-sync; show-previews; show_recs; tall-details; thumbnails:womens-soleil; trove-exclude; w-beanie; width:Standard; width:Wide Calf; wl-test; womens-boots; YGroup_womens-soleil-boots; zipper:Zipper",30,11,$67300 - $67300,Yes
"=""7868036481114""",Soleil | Dark Brown,womens-soleil-knee-high-riding-boot-dark-brown,Thursday Boots - Women's,boots,5/21/2026,4/16/2026,8/8/2026,"4col:Soleil; all:All; anagram-enabled; bf21:Leather; bf21:W-Boot-Black; bf21:WBeanie; bf21:Women-Belt-Black; bfcm-eligible; bfcm-restock; BIS; calf-widths; category:Women's Boots; color:Brown; credit_fee:FREE; exchange_fee:FREE; extended-sizes; fit-guide; fit_cat:true-to-size; fitfinder_inline; fqv2:tts-up; free-gift; group:Boots; heel:High (3-4""); honest-pricing; interactive-details; klaviyo:Women; live_product; material:Leather; mlp:womens-boots-hh; model:Soleil; no-cs-variants; pf-gender:Female; pf-status:active; pf-type:Boots; product-switcher; recommend:+0.5; redo:soleil; refund_fee: FREE; retail-sync; show-previews; show_recs; tall-details; thumbnails:womens-soleil; trove-exclude; w-beanie; width:Standard; width:Wide Calf; wl-test; womens-boots; YGroup_womens-soleil-boots; zipper:Zipper",30,11,$67300 - $67300,Yes
"=""7868022685786""",Soleil | Black,womens-soleil-knee-high-riding-boot-black,Thursday Boots - Women's,boots,5/21/2026,4/16/2026,8/8/2026,"4col:Soleil; all:All; anagram-enabled; bf21:Leather; bf21:W-Boot-Black; bf21:WBeanie; bf21:Women-Belt-Black; bfcm-eligible; bfcm-restock; BIS; calf-widths; category:Women's Boots; color:Black; credit_fee:FREE; exchange_fee:FREE; extended-sizes; fit-guide; fit_cat:true-to-size; fitfinder_inline; fqv2:tts-up; free-gift; group:Boots; heel:High (3-4""); honest-pricing; interactive-details; klaviyo:Women; live_product; material:Leather; mlp:womens-boots-hh; model:Soleil; no-cs-variants; pf-gender:Female; pf-status:active; pf-type:Boots; product-switcher; recommend:+0.5; redo:soleil; refund_fee: FREE; retail-sync; show-previews; show_recs; tall-details; thumbnails:womens-soleil; trove-exclude; w-beanie; width:Standard; width:Wide Calf; wl-test; womens-boots; YGroup_womens-soleil-boots; zipper:Zipper",30,11,$67300 - $67300,Yes
"=""7898478477402""",Plush Charm | Pizza Squirrel,womens-plush-charm-pizza-squirrel,Thursday Boots - Accessories,Keychains,5/6/2026,5/6/2026,8/8/2026,accessories; all:All; bags:Bag Charms & Hooks; BIS; color:Brown; credit_fee:500; exchange_fee:500; live_product; material:Leather; pf-type:Accessories; product-switcher; recurate-hide; refund_fee: 500; retail-sync; show_recs; thumb-groups:stacked-charm;plush-charm; thumbnail-previews; thumbnails:plush-charm; YGroup_plush-charm,1,4,$5800 - $5800,Yes
"=""7898474741850""",Plush Charm | Pizza Rat,womens-plush-charm-pizza-rat,Thursday Boots - Accessories,Keychains,5/6/2026,5/6/2026,8/8/2026,accessories; all:All; bags:Bag Charms & Hooks; BIS; color:Brown; credit_fee:500; exchange_fee:500; live_product; material:Leather; pf-type:Accessories; product-switcher; recurate-hide; refund_fee: 500; retail-sync; show_recs; thumb-groups:stacked-charm;plush-charm; thumbnail-previews; thumbnails:plush-charm; YGroup_plush-charm,1,4,$5800 - $5800,Yes
"=""7898469335130""",Stacked Charm | Tan Poodle,womens-stacked-charm-tan-poodle,Thursday Boots - Accessories,Keychains,5/6/2026,5/5/2026,8/8/2026,accessories; all:All; bags:Bag Charms & Hooks; BIS; color:Brown; credit_fee:500; exchange_fee:500; live_product; material:Leather; pf-type:Accessories; product-switcher; recurate-hide; refund_fee: 500; retail-sync; show_recs; thumb-groups:stacked-charm;plush-charm; thumbnail-previews; thumbnails:stacked-charm; YGroup_stacked-charm,1,2,$7200 - $7200,Yes
"=""7898465927258""",Stacked Charm | Pink Purse,womens-stacked-charm-pink-purse,Thursday Boots - Accessories,Keychains,5/6/2026,5/5/2026,8/8/2026,accessories; all:All; bags:Bag Charms & Hooks; BIS; color:Pink; credit_fee:500; exchange_fee:500; live_product; material:Leather; pf-type:Accessories; product-switcher; recurate-hide; refund_fee: 500; retail-sync; show_recs; thumb-groups:stacked-charm;plush-charm; thumbnail-previews; thumbnails:stacked-charm; YGroup_stacked-charm,1,2,$7200 - $7200,Yes
"=""7898462552154""",Stacked Charm | Black Purse,womens-stacked-charm-black-purse,Thursday Boots - Accessories,Keychains,5/6/2026,5/5/2026,8/8/2026,accessories; all:All; bags:Bag Charms & Hooks; BIS; color:Brown; credit_fee:500; exchange_fee:500; live_product; material:Leather; pf-type:Accessories; product-switcher; recurate-hide; refund_fee: 500; retail-sync; show_recs; thumb-groups:stacked-charm;plush-charm; thumbnail-previews; thumbnails:stacked-charm; YGroup_stacked-charm,1,2,$7200 - $7200,Yes
"=""7898436567130""",Stacked Charm | Beige Cat,womens-stacked-charm-beige-cat,Thursday Boots - Accessories,Keychains,5/6/2026,5/5/2026,8/8/2026,accessories; all:All; bags:Bag Charms & Hooks; BIS; color:Brown; credit_fee:500; exchange_fee:500; live_product; material:Leather; pf-type:Accessories; product-switcher; recurate-hide; refund_fee: 500; retail-sync; show_recs; thumb-groups:stacked-charm;plush-charm; thumbnail-previews; thumbnails:stacked-charm; YGroup_stacked-charm,1,2,$7200 - $7200,Yes
"=""7898413727834""",Stacked Charm | Beige Boxer,womens-stacked-charm-beige-boxer,Thursday Boots - Accessories,Keychains,5/6/2026,5/5/2026,8/8/2026,accessories; all:All; bags:Bag Charms & Hooks; BIS; color:Brown; credit_fee:500; exchange_fee:500; live_product; material:Leather; pf-type:Accessories; product-switcher; recurate-hide; refund_fee: 500; retail-sync; show_recs; thumb-groups:stacked-charm;plush-charm; thumbnail-previews; thumbnails:stacked-charm; YGroup_stacked-charm,1,2,$7200 - $7200,Yes
"=""7858471731290""",Vesper | Black,womens-vesper-knee-high-riding-boot-black,Thursday Boots - Women's,boots,4/30/2026,4/7/2026,8/8/2026,"4col:Vesper; all:All; anagram-enabled; bf21:Leather; bf21:W-Boot-Black; bf21:WBeanie; bf21:Women-Belt-Black; bfcm-eligible; bfcm-restock; BIS; calf-widths; category:Women's Boots; color:Black; credit_fee:FREE; exchange_fee:FREE; extended-sizes; fit-guide; fit_cat:true-to-size; fitfinder_inline; fqv2:tts-up; free-gift; group:Boots; heel:Low (1-2""); honest-pricing; interactive-details; klaviyo:Women; live_product; material:Leather; mlp:womens-boots-hh; model:Vesper; no-cs-variants; pf-gender:Female; pf-status:active; pf-type:Boots; product-switcher; recommend:+0.5; redo:crown; redo:vesper; refund_fee: FREE; retail-sync; show-previews; show_recs; tall-details; thumbnails:womens-vesper; w-beanie; width:Standard; width:Wide Calf; wl-test; womens-boots; YGroup_womens-vesper-boots; zipper:Zipper",30,10,$70100 - $70100,Yes
"=""7882502733914""",Men's Cotton Crew Sock | Striped (3-Pack),mens-cotton-crew-sock-striped-3-pack,Thursday Boots - Accessories,Socks,4/24/2026,4/24/2026,8/8/2026,aa_mens-socks-bfcm; accessories; accessory-full; all:All; BIS; bundle-item; category:Socks; color:White; credit_fee:500; exchange_fee:500; gender:Men's; group:Apparel; klaviyo:Men; live_product; model:Men's Cotton Crew Sock; pf-gender:Male; pf-status:active; pf-style:Socks; pf-type:Accessories; product-switcher; recurate-hide; refund_fee: 500; retail-sync; socks; thumb-groups:mens-cotton-crew-sock;mens-cotton-crew-sock-stripe;mens-cotton-crew-sock-bundles; thumbnails:mens-cotton-crew-sock-bundles; virtual-bundle; YGroup_mens-cotton-crew-sock; yotpo-reviews,1,1,$10100 - $10100,Yes
"=""7873832779866""",Penny Jane | Burgundy,womens-penny-jane-lug-sole-burgundy-leather,Thursday Boots - Women's Shoes,Shoes,4/22/2026,4/20/2026,8/8/2026,anagram-enabled; as:EssentialLeatherKit; bf21:Leather; bf21:W-Shoes; bf21:WBeanie; bf21:Women-Belt-Black; bfcm-eligible; BIS; bis-sms; category:Women's Shoes; color:Burgundy; credit_fee:FREE; exchange_fee:FREE; extended-sizes; fit_cat:true-to-size; fitfinder_inline; fqv2:tts-up; free-gift; gender:Women's; honest-pricing; interactive-details; keyword:penny loafer; klaviyo:Women; live_product; loop:Women's Penny Jane; material:Leather; mlp:womens-shoes; mobile-details; model:Penny Jane; no-cs-variants; param_selector; pf-gender:Female; recommend:+0; redo:penny jane; refund_fee: FREE; retail-sync; show-previews; show_recs; size_standard:US Women's; thumbnails:womens-penny-jane; w-beanie; womens-flats; womens-shoes; womens-shoes:Penny Jane; YGroup_womens-penny-jane-shoes,15,9,$42900 - $42900,Yes
"=""7824265511002""",Era | Granite,mens-era-leather-sneaker-granite,Thursday Boots - Men's Sneakers,Sneakers,4/16/2026,3/17/2026,8/8/2026,anagram-enabled; as:leatherKit; bf21:Leather; bf21:M-Low-Top-Sneaker; bf21:MBeanie; bf21:Men-Belt-ShadowGrey; bfcm-eligible; BIS; bis-sms; category:Sneakers; color:Grey; credit_fee:FREE; exchange_fee:FREE; extended-sizes; fit_cat:true-to-size; fqv2:tts-up; free-gift; gender:Men's; highlight:Back In Stock; honest-pricing; interactive-details; klaviyo:Men; live_product; m-all:D-Featured-Sneakers; m-all:Sneakers3; material:Leather; mens-sneakers; mens-sneakers:Era; mlp:mens-sneakers; mobile-details; model:Era; no-cs-variants; no_quiz; pf-gender:Male; recommend:+0; redo:era; refund_fee: FREE; retail-sync; show-previews; show_recs; size_standard:US Men's; thumbnails:mens-era; YGroup_mens-era-sneaker,19,9,$40100 - $40100,Yes
"=""7824259350618""",Era | Forest,mens-era-leather-sneaker-forest,Thursday Boots - Men's Sneakers,Sneakers,4/16/2026,3/17/2026,8/8/2026,anagram-enabled; as:leatherKit; bf21:Leather; bf21:M-Low-Top-Sneaker; bf21:MBeanie; bf21:Men-Belt-ShadowGrey; bfcm-eligible; BIS; bis-sms; category:Sneakers; color:White; credit_fee:FREE; exchange_fee:FREE; extended-sizes; fit_cat:true-to-size; fqv2:tts-up; free-gift; gender:Men's; highlight:Back In Stock; honest-pricing; interactive-details; klaviyo:Men; live_product; m-all:D-Featured-Sneakers; m-all:Sneakers3; material:Leather; mens-sneakers; mens-sneakers:Era; mlp:mens-sneakers; mobile-details; model:Era; no-cs-variants; no_quiz; pf-gender:Male; recommend:+0; redo:era; refund_fee: FREE; retail-sync; show-previews; show_recs; size_standard:US Men's; thumbnails:mens-era; YGroup_mens-era-sneaker,19,9,$40100 - $40100,Yes
"=""7824210231386""",Era | Navy,mens-era-leather-sneaker-navy,Thursday Boots - Men's Sneakers,Sneakers,4/16/2026,3/17/2026,8/8/2026,anagram-enabled; as:leatherKit; bf21:Leather; bf21:M-Low-Top-Sneaker; bf21:MBeanie; bf21:Men-Belt-ShadowGrey; bfcm-eligible; BIS; bis-sms; category:Sneakers; color:White; credit_fee:FREE; exchange_fee:FREE; extended-sizes; fit_cat:true-to-size; fqv2:tts-up; free-gift; gender:Men's; highlight:Back In Stock; honest-pricing; interactive-details; klaviyo:Men; live_product; m-all:D-Featured-Sneakers; m-all:Sneakers3; material:Leather; mens-sneakers; mens-sneakers:Era; mlp:mens-sneakers; mobile-details; model:Era; no-cs-variants; no_quiz; pf-gender:Male; recommend:+0; redo:era; refund_fee: FREE; retail-sync; show-previews; show_recs; size_standard:US Men's; thumbnails:mens-era; YGroup_mens-era-sneaker,19,9,$40100 - $40100,Yes
"=""7858505154650""",Regent | Black & Silver,womens-regent-knee-high-riding-boot-black-silver,Thursday Boots - Women's,boots,4/15/2026,4/7/2026,8/8/2026,"4col:Regent; all:All; anagram-enabled; bf21:Leather; bf21:W-Boot-Black; bf21:WBeanie; bf21:Women-Belt-Black; bfcm-eligible; bfcm-restock; BIS; category:Women's Boots; color:Black; credit_fee:FREE; exchange_fee:FREE; extended-sizes; fit-guide; fit_cat:true-to-size; fitfinder_inline; fqv2:tts-up; free-gift; group:Boots; heel:Low (1-2""); honest-pricing; interactive-details; klaviyo:Women; live_product; material:Leather; mlp:womens-boots-hh; model:Regent; no-cs-variants; pf-gender:Female; pf-status:active; pf-type:Boots; product-switcher; recommend:+0.5; redo:regent; refund_fee: FREE; retail-sync; show-previews; show_recs; tall-details; thumbnails:womens-regent; w-beanie; width:Standard; wl-test; womens-boots; YGroup_womens-regent-boots; zipper:Zipper",15,10,$75800 - $75800,Yes
"=""7858487427162""",Regent | Black & Gold,womens-regent-knee-high-riding-boot-black-gold,Thursday Boots - Women's,boots,4/15/2026,4/7/2026,8/8/2026,"4col:Regent; all:All; anagram-enabled; bf21:Leather; bf21:W-Boot-Black; bf21:WBeanie; bf21:Women-Belt-Black; bfcm-eligible; bfcm-restock; BIS; category:Women's Boots; color:Black; credit_fee:FREE; exchange_fee:FREE; extended-sizes; fit-guide; fit_cat:true-to-size; fitfinder_inline; fqv2:tts-up; free-gift; group:Boots; heel:Low (1-2""); honest-pricing; interactive-details; klaviyo:Women; live_product; material:Leather; mlp:womens-boots-hh; model:Regent; no-cs-variants; pf-gender:Female; pf-status:active; pf-type:Boots; product-switcher; recommend:+0.5; redo:regent; refund_fee: FREE; retail-sync; show-previews; show_recs; tall-details; thumbnails:womens-regent; w-beanie; width:Standard; wl-test; womens-boots; YGroup_womens-regent-boots; zipper:Zipper",15,10,$75800 - $75800,Yes
"=""7854320189530""",Women’s Ruffle Rib Quarter Sock | White 3-Pack,womens-ruffle-rib-quarter-sock-white-3-pack,Thursday Boots - Accessories,Socks,4/10/2026,4/4/2026,8/8/2026,accessory-full; BIS; bundle-item; category:Socks2; color:White; credit_fee:500; exchange_fee:500; FinalSale; gender:Women's; keyword:Black; klaviyo:Women; material:Cotton; model:Ruffle Rib Quarter Sock; newsocks:Bundles2; pf-gender:Female; pf-status:active; pf-style:Socks; pf-type:Accessories; product-switcher; recurate-hide; refund_fee: 500; socks; thumb-groups:womens-ruffle-rib-quarter-sock;womens-ruffle-rib-quarter-sock-bundles; thumbnails:womens-ruffle-rib-quarter-sock-bundles; virtual-bundle; YGroup_womens-ruffle-rib-quarter-sock-bundles,1,1,$10100 - $10100,No
"=""7854237679706""",Women’s Ruffle Rib Quarter Sock | Black 3-Pack,womens-ruffle-rib-quarter-sock-black-3-pack,Thursday Boots - Accessories,Socks,4/10/2026,4/4/2026,8/8/2026,accessory-full; BIS; bundle-item; category:Socks2; color:Black; credit_fee:500; exchange_fee:500; FinalSale; gender:Women's; keyword:Black; klaviyo:Women; material:Cotton; model:Ruffle Rib Quarter Sock; newsocks:Bundles2; pf-gender:Female; pf-status:active; pf-style:Socks; pf-type:Accessories; product-switcher; recurate-hide; refund_fee: 500; socks; thumb-groups:womens-ruffle-rib-quarter-sock;womens-ruffle-rib-quarter-sock-bundles; thumbnails:womens-ruffle-rib-quarter-sock-bundles; virtual-bundle; YGroup_womens-ruffle-rib-quarter-sock-bundles,1,1,$10100 - $10100,Yes
"=""7854169030746""",Women’s Ruffle Rib Quarter Sock | White,womens-ruffle-rib-quarter-sock-white,Thursday Boots - Accessories,Socks,4/10/2026,4/4/2026,8/8/2026,accessory-full; bf2020-100; BIS; category:Socks; color:White; credit_fee:500; discount:1000; exchange_fee:500; gender:Women's; group:Apparel; gwp-eligible; keyword:Black; klaviyo:Women; material:Cotton; model:Ruffle Rib Quarter Sock; newsocks:Ruffle Rib Quarter; pf-gender:Female; pf-status:active; pf-style:Socks; pf-type:Accessories; product-switcher; recurate-hide; refund_fee: 500; single-sock; socks; thumb-groups:womens-ruffle-rib-quarter-sock;womens-ruffle-rib-quarter-sock-bundles; thumbnails:womens-ruffle-rib-quarter-sock; YGroup_womens-ruffle-rib-quarter-sock,1,2,$4100 - $4100,No
"=""7854157561946""",Women’s Ruffle Rib Quarter Sock | Black,womens-ruffle-rib-quarter-sock-black,Thursday Boots - Accessories,Socks,4/10/2026,4/4/2026,8/8/2026,accessory-full; bf2020-100; BIS; category:Socks; color:Black; credit_fee:500; discount:1000; exchange_fee:500; gender:Women's; group:Apparel; gwp-eligible; keyword:Black; klaviyo:Women; material:Cotton; model:Ruffle Rib Quarter Sock; newsocks:Ruffle Rib Quarter; pf-gender:Female; pf-status:active; pf-style:Socks; pf-type:Accessories; product-switcher; recurate-hide; refund_fee: 500; single-sock; socks; thumb-groups:womens-ruffle-rib-quarter-sock;womens-ruffle-rib-quarter-sock-bundles; thumbnails:womens-ruffle-rib-quarter-sock; YGroup_womens-ruffle-rib-quarter-sock,1,2,$4100 - $4100,Yes
"=""7824110387290""",Heritage Captain StormKing® | Brownstone,mens-heritage-captain-stormking-lace-up-boot-brownstone,Thursday Boots - Men's,boots,4/8/2026,3/17/2026,8/8/2026,4col:Heritage Captain; add-aftersell; all:All; anagram-enabled; as:RuggedKit; bf21:M-Boot-Brown; bf21:MBeanie; bf21:Men-Belt-Arizona; bf21:OilTanned; bfcm-eligible; bfcm:Other; BIS; built-to-last; color:Brown; credit_fee:FREE; detail-callouts; exchange_fee:FREE; extended-sizes; fit:captain; fit_cat:half-down; fqv2:half-down; free-gift; heritage:Heritage Captain; honest-pricing; interactive-details; keyword:Captain (Men's); keyword:Natural; klaviyo:Men; live_product; loop:Men's Heritage Captain; material:Leather; mb_handcrafted; mbg:Captain; mens-boots; mens-captain; mlp:mens-boots-rr; mobile-details; model:Heritage Captain StormKing; new-arrivals:Heritage Captain; no-cs-variants; pf-gender:Male; pf-status:active; pf-style:Lace-Up; pf-type:Boots; product-switcher; psil:Heritage Captain; recommend:-0.5; redo:heritage captain; refund_fee: FREE; retail-sync; rugged:Heritage Captain; show-previews; show_recs; sole:Rubber; style:Cap Toe; style:Lace-Up; subgroup:Rugged Collection; thumb-groups:mens-heritage-captain;mens-heritage-captain-stormking; thumbnails:mens-heritage-captain-stormking; width:Standard; YCRF_sizing; YGroup_mens-heritage-captain-boot; yotpo-reviews,19,9,$67300 - $67300,Yes
"=""7824129720410""",Encore | White & Black,mens-encore-low-top-sneaker-white-black,Thursday Boots - Men's Sneakers,Sneakers,4/2/2026,3/17/2026,8/8/2026,anagram-enabled; as:EssentialLeatherKit; bf21:Leather; bf21:M-Low-Top-Sneaker; bf21:MBeanie; bf21:Men-Belt-Black; bfcm-eligible; BIS; bis-sms; casual-shoes:Encore; color:White; credit_fee:FREE; exchange_fee:FREE; extended-sizes; fit_cat:true-to-size; fqv2:tts-up; free-gift; gender:Men's; honest-pricing; interactive-details; klaviyo:Men; landing:Sneakers; live_product; loop:Men's Encore; low-top:Encore; material:Leather; mens-sneakers; mlp:mens-sneakers; model:Encore; new-arrivals:Sneakers; no-cs-variants; no_quiz; pf-gender:Male; recommend:+0; refund_fee: FREE; retail-sync; shoes:Encore; show-previews; show_recs; size_standard:US Men's; sneaker-b:Encore; sneaker:Encore; thumbnails:mens-encore; width:Standard; YGroup_mens-encore; yotpo-reviews,19,9,$40100 - $40100,Yes
"=""7848748941402""",Handbag Hook | Silver Heart,womens-handbag-hook-silver-heart,Thursday Boots - Accessories,Keychains,4/1/2026,3/30/2026,8/8/2026,accessories; all:All; bags:Bag Charms & Hooks; bags:Handbag Hook; BIS; color:Black; credit_fee:500; exchange_fee:500; live_product; material:Metal; pf-type:Accessories; product-switcher; recurate-hide; refund_fee: 500; retail-sync; show_recs; thumbnail-previews; thumbnails:womens-handbag-hook; YGroup_womens-handbag-hook,1,4,$2300 - $2300,Yes
"=""7848743436378""",Keeper Bag | Toscanello,womens-keeper-bag-toscanello-leather,Thursday Boots - Women's Bags,Bags,4/1/2026,3/30/2026,8/8/2026,accessory-full; all:All; anagram-enabled; bags:Keeper Bag; bf21:Leather; bf21:W-Boot-Black; bf21:WBeanie; bf21:Women-Belt-Black; bfcm-eligible; BIS; color:Brown; credit_fee:FREE; exchange_fee:FREE; free-gift; highlight:New Arrival; honest-pricing; interactive-details; klaviyo:Women; loop-accessory; material:Leather; model:Keeper Bag; pf-gender:Female; pf-type:Accessories; product-switcher; redo:keeper bag; refund_fee: FREE; retail-sync; show-previews; show_recs; thumbnail-previews; thumbnails:womens-keeper-bag; womens-bags; YGroup_womens-keeper-bag,1,10,$71000 - $71000,Yes
"=""7848729804890""",Keeper Bag | Tan,womens-keeper-bag-tan-leather,Thursday Boots - Women's Bags,Bags,4/1/2026,3/30/2026,8/8/2026,accessory-full; all:All; anagram-enabled; bags:Keeper Bag; bf21:Leather; bf21:W-Boot-Black; bf21:WBeanie; bf21:Women-Belt-Black; bfcm-eligible; BIS; color:Tan; credit_fee:FREE; exchange_fee:FREE; free-gift; highlight:New Arrival; honest-pricing; interactive-details; klaviyo:Women; loop-accessory; material:Leather; model:Keeper Bag; pf-gender:Female; pf-type:Accessories; product-switcher; redo:keeper bag; refund_fee: FREE; retail-sync; show-previews; show_recs; thumbnail-previews; thumbnails:womens-keeper-bag; womens-bags; YGroup_womens-keeper-bag,1,10,$71000 - $71000,Yes
"=""7848676917338""",Keeper Bag | Black,womens-keeper-bag-black-leather,Thursday Boots - Women's Bags,Bags,4/1/2026,3/30/2026,8/8/2026,accessory-full; all:All; anagram-enabled; bags:Keeper Bag; bf21:Leather; bf21:W-Boot-Black; bf21:WBeanie; bf21:Women-Belt-Black; bfcm-eligible; BIS; color:Black; credit_fee:FREE; exchange_fee:FREE; free-gift; highlight:New Arrival; honest-pricing; interactive-details; klaviyo:Women; loop-accessory; material:Leather; model:Keeper Bag; pf-gender:Female; pf-type:Accessories; product-switcher; redo:keeper bag; refund_fee: FREE; retail-sync; show-previews; show_recs; thumbnail-previews; thumbnails:womens-keeper-bag; womens-bags; YGroup_womens-keeper-bag,1,10,$71000 - $71000,Yes
"=""7749451415642""",Bucket Bag | Tan,womens-bucket-bag-tan,Thursday Boots - Women's Bags,Bags,4/1/2026,1/22/2026,8/8/2026,accessory-full; all:All; anagram-enabled; bags:Bucket Bag; bf21:Leather; bf21:W-Boot-Brown; bf21:WBeanie; bfcm-eligible; BIS; color:Tan; credit_fee:FREE; exchange_fee:FREE; free-gift; honest-pricing; interactive-details; klaviyo:Women; loop-accessory; loop:Women's Bucket Bag; material:Leather; model:Bucket Bag; pf-gender:Female; pf-type:Accessories; product-switcher; redo:bucket bag; refund_fee: FREE; retail-sync; show-previews; show_recs; thumbnail-previews; thumbnails:womens-bucket-bag; w-all:Bags2; womens-bags; YGroup_womens-bucket-bag; yotpo-reviews,1,9,$48100 - $48100,Yes
"=""7749446205530""",Crossbody Bag | Saddle,womens-leather-crossbody-bag-saddle,Thursday Boots - Women's Bags,Bags,4/1/2026,1/22/2026,8/8/2026,accessory-full; all:All; anagram-enabled; bags:Crossbody Bag; bf21:Leather; bf21:W-Boot-Brown; bf21:WBeanie; bfcm-eligible; BIS; color:Tan; credit_fee:FREE; exchange_fee:FREE; free-gift; honest-pricing; interactive-details; klaviyo:Women; loop-accessory; loop:Crossbody Bag; material:Leather; model:Crossbody Bag; pf-gender:Female; pf-type:Accessories; product-switcher; redo:crossbody bag; refund_fee: FREE; retail-sync; show-previews; show_recs; thumbnail-previews; thumbnails:womens-crossbody-bag; womens-bags; YGroup_womens-crossbody-bag; yotpo-reviews,1,7,$48100 - $48100,Yes
"=""7804033138778""",Court | Tobacco,mens-court-sneaker-tobacco-leather,Thursday Boots - Men's Sneakers,Sneakers,3/18/2026,3/3/2026,8/8/2026,anagram-enabled; as:EssentialLeatherKit; as:RuggedKit; bf21:Leather; bf21:M-Low-Top-Sneaker; bf21:MBeanie; bf21:Men-Belt-BlackCoffee; bfcm-eligible; BIS; bis-sms; casual-shoes:Court; color:Brown; credit_fee:FREE; exchange_fee:FREE; extended-sizes; fit_cat:true-to-size; fitfinder_inline; fqv2:tts-up; free-gift; gender:Men's; honest-pricing; interactive-details; klaviyo:Men; live_product; loop:Men's Court; low-top:Court; material:Rugged; mens-sneakers; mlp:mens-sneakers; mobile-details; model:Court; new-arrivals:Sneakers; no-cs-variants; no_quiz; pf-gender:Male; recommend:+0; redo:court; refund_fee: FREE; retail-sync; shoes:Court; show-previews; show_recs; size_standard:US Men's; sneaker:Court; thumbnails:mens-court; YGroup_mens-court; yotpo-reviews,19,10,$40100 - $40100,Yes
"=""7805006512218""",Tiny Dancer | Buff Patent,womens-tiny-dancer-ballet-flat-buff-patent-leather,Thursday Boots - Women's Shoes,Shoes,3/11/2026,3/3/2026,8/8/2026,anagram-enabled; bf21:Leather; bf21:W-Shoes; bf21:WBeanie; bf21:Women-Belt-Black; bfcm-eligible; BIS; bis-sms; category:Women's Shoes; color:Tan; credit_fee:FREE; exchange_fee:FREE; extended-sizes; fit_cat:true-to-size; fitfinder_inline; fqv2:tts-up; free-gift; gender:Women's; honest-pricing; interactive-details; klaviyo:Women; live_product; loop:Women's Tiny Dancer; material:Leather; mlp:womens-shoes; model:Tiny Dancer; no-cs-variants; param_selector; pf-gender:Female; recommend:+0; redo:tiny dancer; refund_fee: FREE; retail-sync; show-previews; show_recs; size_standard:US Women's; thumb-groups:womens-tiny-dancer;womens-tiny-dancer-cap-toe; thumbnails:womens-tiny-dancer; womens-flats; womens-shoes; womens-shoes:Tiny Dancer; YGroup_womens-tiny-dancer-shoes; yotpo-reviews,15,9,$28100 - $28100,Yes
"=""7804060467290""",Tiny Dancer | Burgundy Patent,womens-tiny-dancer-ballet-flat-burgundy-patent-leather,Thursday Boots - Women's Shoes,Shoes,3/11/2026,3/3/2026,8/8/2026,anagram-enabled; bf21:Leather; bf21:W-Shoes; bf21:WBeanie; bf21:Women-Belt-Black; bfcm-eligible; BIS; bis-sms; category:Women's Shoes; color:Burgundy; credit_fee:FREE; exchange_fee:FREE; extended-sizes; fit_cat:true-to-size; fitfinder_inline; fqv2:tts-up; free-gift; gender:Women's; honest-pricing; interactive-details; klaviyo:Women; live_product; loop:Women's Tiny Dancer; material:Leather; mlp:womens-shoes; model:Tiny Dancer; no-cs-variants; param_selector; pf-gender:Female; recommend:+0; redo:tiny dancer; refund_fee: FREE; retail-sync; show-previews; show_recs; size_standard:US Women's; thumb-groups:womens-tiny-dancer;womens-tiny-dancer-cap-toe; thumbnails:womens-tiny-dancer; w-all:D-Shoes; w-all:Shoes3; womens-flats; womens-shoes; womens-shoes:Tiny Dancer; YGroup_womens-tiny-dancer-shoes; yotpo-reviews,15,9,$28100 - $28100,Yes
"=""7804049162330""",Diplomat | Black,mens-diplomat-moc-toe-boot-black-leather,Thursday Boots - Men's,boots,3/11/2026,3/3/2026,8/8/2026,4col:Diplomat; add-aftersell; all:All; anagram-enabled; bf21:M-Boot-Brown; bf21:MBeanie; bf21:Men-Belt-Tobacco; bf21:OilTanned; bfcm-eligible; bfcm:Other; BIS; category:Men's Boots; color:Black; credit_fee:FREE; exchange_fee:FREE; extended-sizes; fit-quiz:occasional-true; fit_cat:half-down; fitfinder_inline; fqv2:half-down; free-gift; group:Boots; honest-pricing; interactive-details; klaviyo:Men; live_product; loop:Men's Diplomat; material:Leather; mb_handcrafted; mbg:Diplomat; mens-boots; mlp:mens-boots-rr; moc toe search_term; model:Diplomat; no-cs-variants; pf-gender:Male; pf-status:active; pf-style:Lace-Up; pf-type:Boots; product-switcher; psil:Diplomat; recommend:-0.5; redo:diplomat; refund_fee: FREE; retail-sync; show-previews; show_recs; style:Lace-Up; style:Moc-Toe; style:Moccasin Toe; thumb-groups:mens-diplomat;mens-diplomat-lug-sole; thumbnails:mens-diplomat-lug-sole; width:Standard; YCRF_sizing; YGroup_mens-diplomat-rugged; yotpo-reviews,19,8,$57000 - $57000,Yes
"=""7793124802650""",Tassel Penny | Toffee,womens-tassel-penny-loafer-lug-sole-toffee-leather,Thursday Boots - Women's Shoes,Shoes,2/25/2026,2/23/2026,8/8/2026,bf21:Leather; bf21:W-Shoes; bf21:WBeanie; bf21:Women-Belt-Black; bfcm-eligible; BIS; bis-sms; category:Women's Shoes; color:Tan; credit_fee:FREE; exchange_fee:FREE; extended-sizes; fit_cat:true-to-size; fitfinder_inline; fqv2:tts-up; free-gift; gender:Women's; honest-pricing; interactive-details; keyword:penny loafer; klaviyo:Women; live_product; loop:Women's Tassel Penny; material:Leather; mlp:womens-shoes; mobile-details; model:Tassel Penny; no-cs-variants; param_selector; pf-gender:Female; recommend:+0; redo:tassel penny; refund_fee: FREE; retail-sync; show-previews; show_recs; silhouettes:sil-womens-penny; size_standard:US Women's; thumbnails:womens-tassel-penny; w-beanie; womens-flats; womens-shoes; womens-shoes:Tassel Penny; YGroup_womens-tassel-penny-shoes,15,9,$42900 - $42900,Yes
"=""7793117528154""",Tassel Penny | Burgundy,womens-tassel-penny-loafer-lug-sole-burgundy-leather,Thursday Boots - Women's Shoes,Shoes,2/25/2026,2/23/2026,8/8/2026,bf21:Leather; bf21:W-Shoes; bf21:WBeanie; bf21:Women-Belt-Black; bfcm-eligible; BIS; bis-sms; category:Women's Shoes; color:Burgundy; credit_fee:FREE; exchange_fee:FREE; extended-sizes; fit_cat:true-to-size; fitfinder_inline; fqv2:tts-up; free-gift; gender:Women's; honest-pricing; interactive-details; keyword:penny loafer; klaviyo:Women; live_product; loop:Women's Tassel Penny; material:Leather; mlp:womens-shoes; mobile-details; model:Tassel Penny; no-cs-variants; param_selector; pf-gender:Female; recommend:+0; redo:tassel penny; refund_fee: FREE; retail-sync; show-previews; show_recs; silhouettes:sil-womens-penny; size_standard:US Women's; thumbnails:womens-tassel-penny; w-beanie; womens-flats; womens-shoes; womens-shoes:Tassel Penny; YGroup_womens-tassel-penny-shoes,15,9,$42900 - $42900,Yes
"=""7793103503450""",Tassel Penny | Black,womens-tassel-penny-loafer-lug-sole-black-leather,Thursday Boots - Women's Shoes,Shoes,2/25/2026,2/23/2026,8/8/2026,bf21:Leather; bf21:W-Shoes; bf21:WBeanie; bf21:Women-Belt-Black; bfcm-eligible; BIS; bis-sms; category:Women's Shoes; color:Black; credit_fee:FREE; exchange_fee:FREE; extended-sizes; fit_cat:true-to-size; fitfinder_inline; fqv2:tts-up; free-gift; gender:Women's; honest-pricing; interactive-details; keyword:penny loafer; klaviyo:Women; live_product; loop:Women's Tassel Penny; material:Leather; mlp:womens-shoes; mobile-details; model:Tassel Penny; no-cs-variants; param_selector; pf-gender:Female; recommend:+0; redo:tassel penny; refund_fee: FREE; retail-sync; show-previews; show_recs; silhouettes:sil-womens-penny; size_standard:US Women's; thumbnails:womens-tassel-penny; w-beanie; womens-flats; womens-shoes; womens-shoes:Tassel Penny; YGroup_womens-tassel-penny-shoes,15,9,$42900 - $42900,Yes
"=""7786486464602""",Diplomat | Coffee,mens-diplomat-moc-toe-boot-coffee,Thursday Boots - Men's,boots,2/19/2026,2/16/2026,8/8/2026,4col:Diplomat; add-aftersell; all:All; anagram-enabled; bf21:M-Boot-Brown; bf21:MBeanie; bf21:Men-Belt-Tobacco; bf21:OilTanned; bfcm-eligible; bfcm:Other; BIS; category:Men's Boots; color:Brown; credit_fee:FREE; exchange_fee:FREE; extended-sizes; fit-quiz:occasional-true; fit_cat:half-down; fitfinder_inline; fqv2:half-down; free-gift; group:Boots; honest-pricing; interactive-details; klaviyo:Men; live_product; loop:Men's Diplomat; material:Leather; mb_handcrafted; mbg:Diplomat; mens-boots; mlp:mens-boots-rr; moc toe search_term; model:Diplomat; new-arrivals:Diplomat; no-cs-variants; pf-gender:Male; pf-status:active; pf-style:Lace-Up; pf-type:Boots; product-switcher; psil:Diplomat; recommend:-0.5; redo:diplomat; refund_fee: FREE; retail-sync; show-previews; show_recs; style:Lace-Up; style:Moc-Toe; style:Moccasin Toe; thumb-groups:mens-diplomat;mens-diplomat-lug-sole; thumbnails:mens-diplomat-lug-sole; width:Standard; winter:Diplomat; YCRF_sizing; YGroup_mens-diplomat-rugged; yotpo-reviews,19,8,$57000 - $57000,Yes
"=""7786538008666""",Mary Jane | Black Patent,womens-mary-jane-loafer-black-patent,Thursday Boots - Women's Shoes,Shoes,2/19/2026,2/16/2026,8/8/2026,anagram-enabled; bf21:Leather; bf21:W-Shoes; bf21:WBeanie; bf21:Women-Belt-Black; bfcm-eligible; BIS; bis-sms; category:Women's Shoes; color:Black; credit_fee:FREE; exchange_fee:FREE; extended-sizes; fit_cat:true-to-size; fitfinder_inline; fqv2:tts-up; free-gift; gender:Women's; honest-pricing; interactive-details; keyword:penny loafer; klaviyo:Women; live_product; loop:Women's Mary Jane; material:Leather; mlp:womens-shoes; mobile-details; model:Mary Jane; no-cs-variants; param_selector; pf-gender:Female; recommend:+0; refund_fee: FREE; retail-sync; show-previews; show_recs; size_standard:US Women's; thumbnails:womens-mary-jane; w-beanie; womens-flats; womens-shoes; womens-shoes:Mary Jane; YGroup_womens-mary-jane-shoes,15,9,$30900 - $30900,Yes
"=""7481115148378""",Package Protection,package-protection-valid-in-us-4,re:do,package_protection,2/14/2026,5/31/2025,8/8/2026,ac_exclude; FinalSale; fixed-item; klaviyo_reviews_exclude; no-cart-link; no-ship; recurate-hide; shipping-protection; YBlocklist,6,1,$900 - $2300,Yes
"=""7763445710938""",Camino Jacket | Black,womens-camino-leather-jacket-black,Thursday - Women's Jackets,Women's Jackets,2/5/2026,2/2/2026,8/8/2026,accessories; accessory-full; all:All; anagram-enabled; bf21:Jackets; bf21:Leather; bf21:M-High-Top; bf21:W-Boot-Brown; bf21:WBeanie; bfcm-eligible; BIS; category:Jackets; color:Black; credit_fee:FREE; cs:Jackets; exchange_fee:FREE; fit-guide; free-gift; group:Outerwear; holiday:Jackets2; honest-pricing; imp_new_guide; interactive-details; jackets:Camino Jacket; jackets:Featured Styles; klaviyo:Women; live_product; loop-accessory; loop:Women's Edition Jacket; material:Leather; mlp:womens-jackets; model:Camino Jacket; new-arrivals:Jackets; no-cs-variants; pf-gender:Female; pf-status:active; pf-style:Jacket; pf-type:Accessories; product-switcher; redo:camino jacket; refund_fee: FREE; retail-sync; show-previews; show-sizing-tip; show_recs; size-chart; size:tbc-jacket; thumbnails:womens-camino-jacket; w-all:D-Jackets; w-all:Jackets2; wair-enabled; wair-testing; womens-jackets; womens-jackets-collection; YGroup_womens-camino-jacket,5,7,$99900 - $103000,Yes
"=""7763433717850""",Camino Jacket | Brunette,womens-camino-leather-jacket-brunette-brown,Thursday - Women's Jackets,Women's Jackets,2/5/2026,2/2/2026,8/8/2026,accessories; accessory-full; all:All; anagram-enabled; bf21:Jackets; bf21:Leather; bf21:M-High-Top; bf21:W-Boot-Brown; bf21:WBeanie; bfcm-eligible; BIS; category:Jackets; color:Brown; credit_fee:FREE; cs:Jackets; exchange_fee:FREE; fit-guide; free-gift; group:Outerwear; holiday:Jackets2; honest-pricing; imp_new_guide; interactive-details; jackets:Camino Jacket; jackets:Featured Styles; klaviyo:Women; live_product; loop-accessory; loop:Women's Edition Jacket; material:Leather; mlp:womens-jackets; model:Camino Jacket; new-arrivals:Jackets; no-cs-variants; pf-gender:Female; pf-status:active; pf-style:Jacket; pf-type:Accessories; product-switcher; redo:camino jacket; refund_fee: FREE; retail-sync; show-previews; show-sizing-tip; show_recs; size-chart; size:tbc-jacket; thumbnails:womens-camino-jacket; w-all:D-Jackets; w-all:Jackets2; wair-enabled; wair-testing; womens-jackets; womens-jackets-collection; YGroup_womens-camino-jacket,5,7,$99900 - $103000,Yes
"=""7749364613210""",Encore | Shadow Grey,mens-encore-low-top-sneaker-shadow-grey-suede,Thursday Boots - Men's Sneakers,Sneakers,2/4/2026,1/21/2026,8/8/2026,4col:Sneakers; anagram-enabled; as:SuedeKit; bf21:Leather; bf21:M-Low-Top-Sneaker; bf21:MBeanie; bf21:Men-Belt-Black; bfcm-eligible; BIS; bis-sms; casual-shoes:Encore; color:Grey; credit_fee:FREE; cs:LowTops2; exchange_fee:FREE; extended-sizes; fit_cat:true-to-size; fitfinder_inline; fqv2:tts-up; free-gift; gender:Men's; holiday:Sneakers2; honest-pricing; interactive-details; klaviyo:Men; landing:Sneakers; live_product; loop:Men's Encore; low-top:Encore; m-all:D-Featured-Sneakers; m-all:Sneakers2; material:Suede; mens-sneakers; mlp:mens-sneakers; model:Encore; new-arrivals:Sneakers; no-cs-variants; no_quiz; pf-gender:Male; recommend:+0; redo:encore; refund_fee: FREE; retail-sync; shoes:Encore; show-previews; show_recs; size_standard:US Men's; sneaker-b:Encore; sneaker:Encore2; thumbnails:mens-encore; width:Standard; YGroup_mens-encore; yotpo-reviews,19,9,$40100 - $40100,Yes
"=""7749390762074""",Encore | Dark Olive Suede,mens-encore-low-top-sneaker-dark-olive-suede,Thursday Boots - Men's Sneakers,Sneakers,2/4/2026,1/21/2026,8/8/2026,4col:Sneakers; anagram-enabled; as:SuedeKit; bf21:Leather; bf21:M-Low-Top-Sneaker; bf21:MBeanie; bf21:Men-Belt-Black; bfcm-eligible; BIS; bis-sms; casual-shoes:Encore; color:Olive; credit_fee:FREE; cs:LowTops2; exchange_fee:FREE; extended-sizes; fit_cat:true-to-size; fitfinder_inline; fqv2:tts-up; free-gift; gender:Men's; holiday:Sneakers2; honest-pricing; interactive-details; klaviyo:Men; landing:Sneakers; live_product; loop:Men's Encore; low-top:Encore; m-all:D-Featured-Sneakers; m-all:Sneakers2; material:Suede; mens-sneakers; mlp:mens-sneakers; model:Encore; new-arrivals:Sneakers; no-cs-variants; no_quiz; pf-gender:Male; recommend:+0; redo:encore; refund_fee: FREE; retail-sync; shoes:Encore; show-previews; show_recs; size_standard:US Men's; sneaker-b:Encore; sneaker:Encore2; thumbnails:mens-encore; width:Standard; YGroup_mens-encore; yotpo-reviews,19,9,$40100 - $40100,Yes
"=""7748876468314""",Premier Low Top | Cactus,mens-premier-low-top-sneaker-dark-olive-cactus,Thursday Boots - Men's Sneakers,Sneakers,2/4/2026,1/21/2026,8/8/2026,anagram-enabled; as:EssentialLeatherKit; bf21:Leather; bf21:M-Low-Top-Sneaker; bf21:MBeanie; bf21:Men-Belt-Black; bfcm-eligible; BIS; bis-sms; casual-shoes:Classic Low Top; color:Olive; credit_fee:FREE; exchange_fee:FREE; extended-sizes; fit_cat:true-to-size; fitfinder_inline; fqv2:tts-up; free-gift; gender:Men's; honest-pricing; interactive-details; klaviyo:Men; live_product; loop:Men's Premier Low Top; low-top:Classic Low Top; m_all:Sneakers; material:Leather; mens-sneakers; mlp:mens-sneakers; mobile-details; model:Premier Low Top; new-arrivals:Sneakers; no-cs-variants; no_quiz; param_selector; pf-gender:Male; recommend:+0; redo:premier low top; refund_fee: FREE; retail-sync; shoes:Classic Low Top; show-previews; show_recs; size_standard:US Men's; sneaker-b:Classic Low Top; sneaker-nh:Classic Low Top; sneaker:LowTop2; thumb-groups:mens-classic-low-tops;mens-heritage-low-tops;mens-legacy; thumbnails:mens-premier-low-top; YGroup_mens-premier-low-top; yotpo-reviews,19,8,$38700 - $38700,Yes
"=""7763416383578""",Ranger Jacket | Khaki,mens-ranger-dry-waxed-canvas-jacket-khaki,Thursday - Men's Jackets,Jackets,2/4/2026,2/2/2026,8/8/2026,accessories; accessory-full; all:All; anagram-enabled; bf21:Jackets; bf21:M-Boot-Black; bf21:MBeanie; bf21:Men-Belt-BlackMatte; bf21:OilTanned; bfcm-eligible; BIS; color:Tan; credit_fee:FREE; exchange_fee:FREE; free-gift; honest-pricing; imp_new_guide; interactive-details; jackets:Ranger Jacket; klaviyo:Men; live_product; loop-accessory; loop:Men's Station Jacket; material:Wool; mens-jackets; mens-jackets-collection; mlp:mens-jackets; model:Duchess; model:Ranger Jacket; no-cs-variants; pf-gender:Male; pf-status:active; pf-style:Jacket; pf-type:Accessories; product-switcher; recurate-hide; redo:ranger jacket; refund_fee: FREE; retail-sync; show-previews; show-sizing-tip; show_recs; size-chart; size:tbc-jacket; thumbnails:mens-ranger-jacket; wair-enabled; YGroup_mens-ranger-jacket,5,8,$68700 - $68700,Yes
"=""7763411009626""",Ranger Jacket | Coyote,mens-ranger-dry-waxed-canvas-jacket-coyote-brown,Thursday - Men's Jackets,Jackets,2/4/2026,2/2/2026,8/8/2026,accessories; accessory-full; all:All; anagram-enabled; bf21:Jackets; bf21:M-Boot-Black; bf21:MBeanie; bf21:Men-Belt-BlackMatte; bf21:OilTanned; bfcm-eligible; BIS; color:Brown; credit_fee:FREE; exchange_fee:FREE; free-gift; honest-pricing; imp_new_guide; interactive-details; jackets:Ranger Jacket; klaviyo:Men; live_product; loop-accessory; loop:Men's Station Jacket; material:Wool; mens-jackets; mens-jackets-collection; mlp:mens-jackets; model:Ranger Jacket; no-cs-variants; pf-gender:Male; pf-status:active; pf-style:Jacket; pf-type:Accessories; product-switcher; recurate-hide; redo:ranger jacket; refund_fee: FREE; retail-sync; show-previews; show-sizing-tip; show_recs; size-chart; size:tbc-jacket; thumbnails:mens-ranger-jacket; wair-enabled; YGroup_mens-ranger-jacket,5,8,$68700 - $68700,Yes
"=""7763390824538""",Ranger Jacket | Black,mens-ranger-dry-waxed-canvas-jacket-black,Thursday - Men's Jackets,Jackets,2/4/2026,2/2/2026,8/8/2026,accessories; accessory-full; all:All; anagram-enabled; bf21:Jackets; bf21:M-Boot-Black; bf21:MBeanie; bf21:Men-Belt-BlackMatte; bf21:OilTanned; bfcm-eligible; BIS; color:Black; credit_fee:FREE; exchange_fee:FREE; free-gift; honest-pricing; imp_new_guide; interactive-details; jackets:Ranger Jacket; klaviyo:Men; live_product; loop-accessory; loop:Men's Station Jacket; material:Wool; mens-jackets; mens-jackets-collection; mlp:mens-jackets; model:Ranger Jacket; no-cs-variants; pf-gender:Male; pf-status:active; pf-style:Jacket; pf-type:Accessories; product-switcher; recurate-hide; redo:ranger jacket; refund_fee: FREE; retail-sync; show-previews; show-sizing-tip; show_recs; size-chart; size:tbc-jacket; thumbnails:mens-ranger-jacket; wair-enabled; YGroup_mens-ranger-jacket,5,8,$68700 - $68700,Yes
"=""7757667565658""",Men's Cotton Crew Sock | Earth Tones (3-Pack),mens-cotton-crew-sock-earth-tones-3-pack,Thursday Boots - Accessories,Socks,1/29/2026,1/29/2026,8/8/2026,aa_mens-socks-bfcm; accessories; accessory-full; all:All; BIS; bundle-item; category:Socks; color:Red; credit_fee:500; exchange_fee:500; gender:Men's; group:Apparel; holiday:MSocks2; klaviyo:Men; live_product; model:Men's Cotton Crew Sock; newsocks:Sock Bundles; pf-gender:Male; pf-status:active; pf-style:Socks; pf-type:Accessories; product-switcher; recurate-hide; refund_fee: 500; retail-sync; socks; thumb-groups:mens-cotton-crew-sock;mens-cotton-crew-sock-stripe;mens-cotton-crew-sock-bundles; thumbnails:mens-cotton-crew-sock-bundles; virtual-bundle; YGroup_mens-cotton-crew-sock; yotpo-reviews,1,1,$10100 - $10100,Yes
"=""7713871888474""",Roadster Jacket | Bourbon,mens-roadster-leather-jacket-bourbon,Thursday - Men's Jackets,Jackets,1/21/2026,12/29/2025,8/8/2026,accessories; accessory-full; all:All; as:EssentialLeatherKit; bf21:Jackets; bf21:Leather; bf21:M-Boot-Brown; bf21:MBeanie; bf21:Men-Belt-Walnut; bfcm-eligible; BIS; color:Brown; credit_fee:FREE; exchange_fee:FREE; fit-guide; free-gift; honest-pricing; imp_new_guide; interactive-details; jackets:Roadster Jacket; klaviyo:Men; live_product; loop-accessory; loop:Men's Roadster Jacket; material:Leather; mens-jackets; mens-jackets-collection; mlp:mens-jackets; model:Roadster Jacket; new-fit-guide; no-cs-variants; pf-gender:Male; pf-status:active; pf-style:Jacket; pf-type:Accessories; product-switcher; redo:roadster jacket; refund_fee: FREE; retail-sync; show-previews; show-sizing-tip; show_recs; size-chart; size:tbc-jacket; thumbnails:mens-roadster-jacket; wair-enabled; YGroup_mens-roadster-jacket; yotpo-reviews,5,8,$103000 - $103000,Yes
"=""7746974744666""",Racer Jacket | Dark Olive Suede,mens-racer-jacket-dark-olive-suede,Thursday - Men's Jackets,Jackets,1/21/2026,1/19/2026,8/8/2026,accessories; accessory-full; all:All; anagram-enabled; as:SuedeKit; bf21:Jackets; bf21:Leather; bf21:M-Boot-Brown; bf21:MBeanie; bf21:Men-Belt-Brandy; bfcm-eligible; BIS; color:Olive; credit_fee:FREE; exchange_fee:FREE; fit-guide; free-gift; honest-pricing; imp_new_guide; in-thumbnails; interactive-details; jackets:Racer Jacket; klaviyo:Men; leather-jackets:Racer Jacket; loop-accessory; loop:Men's Racer Jacket; material:Suede; mens-jackets; mens-jackets-collection; mlp:mens-jackets; model:Racer Jacket; new-arrivals:Jackets; new-fit-guide; no-cs-variants; pf-gender:Male; pf-status:active; pf-style:Jacket; pf-type:Accessories; product-switcher; redo:racer jacket; refund_fee: FREE; retail-sync; show-previews; show-sizing-tip; show_recs; size-chart; size:tbc-jacket; thumbnails:mens-racer-jacket; wair-enabled; YGroup_mens-racer-jacket; yotpo-reviews,5,9,$99900 - $99900,Yes
"=""7747076948058""",Mini Crescent | Tan Suede,womens-mini-crescent-bag-tan-suede,Thursday Boots - Women's Bags,Bags,1/21/2026,1/19/2026,8/8/2026,accessory-full; all:All; anagram-enabled; as:SuedeKit; bags:Mini Crescent; bf21:Leather; bf21:W-Boot-Black; bf21:WBeanie; bf21:Women-Belt-Black; bfcm-eligible; BIS; color:Tan; credit_fee:FREE; exchange_fee:FREE; free-gift; holiday:WBags2; honest-pricing; interactive-details; klaviyo:Women; loop-accessory; loop:Wallet Wristlet; material:Suede; model:Mini Crescent; pf-gender:Female; pf-type:Accessories; product-switcher; redo:mini crescent; refund_fee: FREE; retail-sync; show-previews; show_recs; thumbnail-previews; thumbnails:womens-mini-crescent; YGroup_womens-mini-crescent-bag,1,7,$25200 - $25200,Yes
"=""7747073802330""",Mini Crescent | Pink Suede,womens-mini-crescent-bag-pink-suede,Thursday Boots - Women's Bags,Bags,1/21/2026,1/19/2026,8/8/2026,accessory-full; all:All; anagram-enabled; as:SuedeKit; bags:Mini Crescent; bf21:Leather; bf21:W-Boot-Black; bf21:WBeanie; bf21:Women-Belt-Black; bfcm-eligible; BIS; color:Pink; credit_fee:FREE; exchange_fee:FREE; free-gift; holiday:WBags2; honest-pricing; interactive-details; klaviyo:Women; loop-accessory; loop:Wallet Wristlet; material:Suede; model:Mini Crescent; pf-gender:Female; pf-type:Accessories; product-switcher; redo:mini crescent; refund_fee: FREE; retail-sync; show-previews; show_recs; thumbnail-previews; thumbnails:womens-mini-crescent; YGroup_womens-mini-crescent-bag,1,7,$25200 - $25200,Yes
"=""7747068133466""",Mini Crescent | Chocolate Suede,womens-mini-crescent-bag-chocolate-suede,Thursday Boots - Women's Bags,Bags,1/21/2026,1/19/2026,8/8/2026,accessory-full; all:All; anagram-enabled; as:SuedeKit; bags:Mini Crescent; bf21:Leather; bf21:W-Boot-Black; bf21:WBeanie; bf21:Women-Belt-Black; bfcm-eligible; BIS; color:Brown; credit_fee:FREE; exchange_fee:FREE; free-gift; holiday:WBags2; honest-pricing; interactive-details; klaviyo:Women; loop-accessory; loop:Wallet Wristlet; material:Suede; model:Mini Crescent; pf-gender:Female; pf-type:Accessories; product-switcher; redo:mini crescent; refund_fee: FREE; retail-sync; show-previews; show_recs; thumbnail-previews; thumbnails:womens-mini-crescent; YGroup_womens-mini-crescent-bag,1,7,$25200 - $25200,Yes
"=""7747049193562""",Mini Crescent | Burgundy Suede,womens-mini-crescent-bag-burgundy-suede,Thursday Boots - Women's Bags,Bags,1/21/2026,1/19/2026,8/8/2026,accessory-full; all:All; anagram-enabled; as:SuedeKit; bags:Mini Crescent; bf21:Leather; bf21:W-Boot-Black; bf21:WBeanie; bf21:Women-Belt-Black; bfcm-eligible; BIS; color:Burgundy; credit_fee:FREE; exchange_fee:FREE; free-gift; holiday:WBags2; honest-pricing; interactive-details; klaviyo:Women; loop-accessory; loop:Wallet Wristlet; material:Suede; model:Mini Crescent; pf-gender:Female; pf-type:Accessories; product-switcher; redo:mini crescent; refund_fee: FREE; retail-sync; show-previews; show_recs; thumbnail-previews; thumbnails:womens-mini-crescent; YGroup_womens-mini-crescent-bag,1,7,$25200 - $25200,Yes
"=""7747027959898""",Mini Crescent | Black Suede,womens-mini-crescent-bag-black-suede,Thursday Boots - Women's Bags,Bags,1/21/2026,1/19/2026,8/8/2026,accessory-full; all:All; anagram-enabled; as:SuedeKit; bags:Mini Crescent; bf21:Leather; bf21:W-Boot-Black; bf21:WBeanie; bf21:Women-Belt-Black; bfcm-eligible; BIS; color:Black; credit_fee:FREE; exchange_fee:FREE; free-gift; holiday:WBags2; honest-pricing; interactive-details; klaviyo:Women; loop-accessory; loop:Wallet Wristlet; material:Suede; model:Mini Crescent; pf-gender:Female; pf-type:Accessories; product-switcher; redo:mini crescent; refund_fee: FREE; retail-sync; show-previews; show_recs; thumbnail-previews; thumbnails:womens-mini-crescent; YGroup_womens-mini-crescent-bag,1,7,$25200 - $25200,Yes
"=""7746985033818""",Everyday Tote | Old English (M) (Zipper),womens-everyday-leather-tote-bag-old-english-medium-zipper,Thursday Boots - Women's Bags,Bags,1/21/2026,1/19/2026,8/8/2026,accessories; anagram-enabled; bags:Everyday Tote; bf21:Leather; bf21:W-Boot-Brown; bf21:WBeanie; bfcm-eligible; BIS; color:Brown; credit_fee:FREE; exchange_fee:FREE; free-gift; hide-mobile-details; highlight:Multiple Sizes; honest-pricing; interactive-details; klaviyo:Women; live_product; loop:Everyday Tote (M); loop:Everyday Tote (M) Zipper; material:Leather; model:Everyday Tote; no-waitlist-overlay; pf-gender:Female; pf-status:active; pf-type:Accessories; product-switcher; redo:everyday tote medium zipper; refund_fee: FREE; retail-sync; show-previews; show_recs; thumbnail-previews; thumbnails:womens-everyday-tote-medium; w-all:Bags; womens-bags; womens-bags-sizing; YGroup_womens-everyday-tote; yotpo-reviews,1,8,$39500 - $39500,Yes
"=""7746998042714""",Everyday Tote | Red (M) (Zipper),womens-everyday-leather-tote-bag-red-medium-zipper,Thursday Boots - Women's Bags,Bags,1/21/2026,1/19/2026,8/8/2026,accessories; anagram-enabled; bags:EverydayTote2; bf21:Leather; bf21:W-Boot-Brown; bf21:WBeanie; bfcm-eligible; BIS; color:Red; credit_fee:FREE; exchange_fee:FREE; free-gift; hide-mobile-details; highlight:Multiple Sizes; honest-pricing; interactive-details; klaviyo:Women; live_product; loop:Everyday Tote (M) Zipper; material:Leather; model:Everyday Tote; new-arrivals:Everyday Tote; no-waitlist-overlay; pf-gender:Female; pf-status:active; pf-type:Accessories; product-switcher; redo:everyday tote medium zipper; refund_fee: FREE; retail-sync; show-previews; show_recs; thumbnail-previews; thumbnails:womens-everyday-tote-medium; w-all:Bags2; womens-bags; womens-bags-sizing; YGroup_womens-everyday-tote; yotpo-reviews,1,8,$39500 - $39500,Yes
"=""7743121064026""",Men's Cotton Crew Sock | White x Grey Stripe,mens-cotton-crew-sock-white-x-grey-stripe,Thursday Boots - Accessories,Socks,1/17/2026,1/17/2026,8/8/2026,aa_mens-socks-bfcm; accessories; accessory-full; all:All; bf2020-100; BIS; category:Socks; color:Red; credit_fee:500; discount:1400; exchange_fee:500; gender:Men's; group:Apparel; klaviyo:Men; live_product; model:Men's Cotton Crew Sock; newsocks:ClassicCrewSocks2; pf-gender:Male; pf-status:active; pf-style:Socks; pf-type:Accessories; product-switcher; recurate-hide; refund_fee: 500; retail-sync; single-sock; Sneakers: sneaker:LowTop2; socks; thumb-groups:mens-cotton-crew-sock;mens-cotton-crew-sock-stripe;mens-cotton-crew-sock-bundles; thumbnails:mens-cotton-crew-sock-stripe; YGroup_mens-cotton-crew-sock; yotpo-reviews,1,2,$4100 - $4100,Yes
"=""7743119786074""",Men's Cotton Crew Sock | White x Green Stripe,mens-cotton-crew-sock-white-x-green-stripe,Thursday Boots - Accessories,Socks,1/17/2026,1/17/2026,8/8/2026,aa_mens-socks-bfcm; accessories; accessory-full; all:All; bf2020-100; BIS; category:Socks; color:Red; credit_fee:500; discount:1400; exchange_fee:500; gender:Men's; group:Apparel; klaviyo:Men; live_product; model:Men's Cotton Crew Sock; newsocks:ClassicCrewSocks2; pf-gender:Male; pf-status:active; pf-style:Socks; pf-type:Accessories; product-switcher; recurate-hide; refund_fee: 500; retail-sync; single-sock; Sneakers: sneaker:LowTop2; socks; thumb-groups:mens-cotton-crew-sock;mens-cotton-crew-sock-stripe;mens-cotton-crew-sock-bundles; thumbnails:mens-cotton-crew-sock-stripe; YGroup_mens-cotton-crew-sock; yotpo-reviews,1,2,$4100 - $4100,Yes
"=""7743116542042""",Men's Cotton Crew Sock | White x Black Stripe,mens-cotton-crew-sock-white-x-black-stripe,Thursday Boots - Accessories,Socks,1/17/2026,1/17/2026,8/8/2026,aa_mens-socks-bfcm; accessories; accessory-full; all:All; bf2020-100; BIS; category:Socks; color:Red; credit_fee:500; discount:1400; exchange_fee:500; gender:Men's; group:Apparel; klaviyo:Men; live_product; model:Men's Cotton Crew Sock; newsocks:ClassicCrewSocks2; pf-gender:Male; pf-status:active; pf-style:Socks; pf-type:Accessories; product-switcher; recurate-hide; refund_fee: 500; retail-sync; single-sock; Sneakers: sneaker:LowTop2; socks; thumb-groups:mens-cotton-crew-sock;mens-cotton-crew-sock-stripe;mens-cotton-crew-sock-bundles; thumbnails:mens-cotton-crew-sock-stripe; YGroup_mens-cotton-crew-sock; yotpo-reviews,1,2,$4100 - $4100,Yes
"=""7743112347738""",Men's Cotton Crew Sock | Olive,mens-cotton-crew-sock-olive,Thursday Boots - Accessories,Socks,1/17/2026,1/17/2026,8/8/2026,aa_mens-socks-bfcm; accessories; accessory-full; all:All; bf2020-100; BIS; category:Socks; color:Red; credit_fee:500; discount:1400; exchange_fee:500; gender:Men's; group:Apparel; klaviyo:Men; live_product; model:Men's Cotton Crew Sock; newsocks:Classic Crew Socks; pf-gender:Male; pf-status:active; pf-style:Socks; pf-type:Accessories; product-switcher; recurate-hide; refund_fee: 500; retail-sync; single-sock; Sneakers: sneaker:LowTop2; socks; thumb-groups:mens-cotton-crew-sock;mens-cotton-crew-sock-stripe;mens-cotton-crew-sock-bundles; thumbnails:mens-cotton-crew-sock; YGroup_mens-cotton-crew-sock; yotpo-reviews,1,2,$4100 - $4100,Yes
"=""7743108382810""",Men's Cotton Crew Sock | Latte,mens-cotton-crew-sock-latte,Thursday Boots - Accessories,Socks,1/17/2026,1/17/2026,8/8/2026,aa_mens-socks-bfcm; accessories; accessory-full; all:All; bf2020-100; BIS; category:Socks; color:Red; credit_fee:500; discount:1400; exchange_fee:500; gender:Men's; group:Apparel; klaviyo:Men; live_product; model:Men's Cotton Crew Sock; newsocks:Classic Crew Socks; pf-gender:Male; pf-status:active; pf-style:Socks; pf-type:Accessories; product-switcher; recurate-hide; refund_fee: 500; retail-sync; single-sock; Sneakers: sneaker:LowTop2; socks; thumb-groups:mens-cotton-crew-sock;mens-cotton-crew-sock-stripe;mens-cotton-crew-sock-bundles; thumbnails:mens-cotton-crew-sock; YGroup_mens-cotton-crew-sock; yotpo-reviews,1,2,$4100 - $4100,Yes
"=""7743105990746""",Men's Cotton Crew Sock | Brown,mens-cotton-crew-sock-brown,Thursday Boots - Accessories,Socks,1/17/2026,1/17/2026,8/8/2026,aa_mens-socks-bfcm; accessories; accessory-full; all:All; bf2020-100; BIS; category:Socks; color:Red; credit_fee:500; discount:1400; exchange_fee:500; gender:Men's; group:Apparel; klaviyo:Men; live_product; model:Men's Cotton Crew Sock; newsocks:Classic Crew Socks; pf-gender:Male; pf-status:active; pf-style:Socks; pf-type:Accessories; product-switcher; recurate-hide; refund_fee: 500; retail-sync; single-sock; Sneakers: sneaker:LowTop2; socks; thumb-groups:mens-cotton-crew-sock;mens-cotton-crew-sock-stripe;mens-cotton-crew-sock-bundles; thumbnails:mens-cotton-crew-sock; YGroup_mens-cotton-crew-sock; yotpo-reviews,1,2,$4100 - $4100,Yes
"=""7743095373914""",Leather Cleaning Wipes | 30 Pack,leather-cleaning-wipes-30-pack,Thursday Boots - Accessories,Shoe Care,1/17/2026,1/17/2026,8/8/2026,accessory-full; all:All; BIS; care-type:Leather; category-group:Shoe Care; category:Care2; cobblers-choice; credit_fee:500; exchange_fee:500; free-ship-care; group:Shoe Care; gwp-eligible; klaviyo:Unisex; live_product; loop-accessory; pf-gender:Unisex; pf-status:active; pf-style:Shoe Care; pf-type:Accessories; product-switcher; recurate-disqualify; recurate-hide; refund_fee: 500; retail-sync; thumbnails:leather-cleaning-wipes; YGroup_cc-spot-cleaner; YGroup_cleaning-wipes,1,7,$6900 - $6900,Yes
"=""7743079153754""",Leather Cleaning Wipes | 10 Pack,leather-cleaning-wipes,Thursday Boots - Accessories,Shoe Care,1/17/2026,1/17/2026,8/8/2026,accessory-full; all:All; BIS; care-type:Leather; care:Clean; category-group:Shoe Care; category:Care2; cobblers-choice; credit_fee:500; exchange_fee:500; free-ship-care; group:Shoe Care; gwp-eligible; klaviyo:Unisex; live_product; loop-accessory; pf-gender:Unisex; pf-status:active; pf-style:Shoe Care; pf-type:Accessories; product-switcher; recurate-disqualify; recurate-hide; refund_fee: 500; retail-sync; shoe-care:Clean; thumbnails:leather-cleaning-wipes; YGroup_cc-spot-cleaner; YGroup_cleaning-wipes,1,7,$2900 - $2900,Yes
"=""7717426233434""",Tiny Dancer | Buff Cap Toe,womens-tiny-dancer-ballet-flat-buff-cap-toe,Thursday Boots - Women's Shoes,Shoes,1/15/2026,1/3/2026,8/8/2026,bf21:Leather; bf21:W-Shoes; bf21:WBeanie; bf21:Women-Belt-Black; bfcm-eligible; BIS; bis-sms; category:Women's Shoes; color:Tan; credit_fee:FREE; exchange_fee:FREE; extended-sizes; fit_cat:true-to-size; fitfinder_inline; fqv2:tts-up; free-gift; gender:Women's; honest-pricing; interactive-details; klaviyo:Women; live_product; loop:Women's Tiny Dancer (Cap Toe); material:Leather; mlp:womens-shoes; model:Tiny Dancer; new-arrivals:Tiny Dancer; no-cs-variants; param_selector; pf-gender:Female; recommend:+0; redo:tiny dancer; refund_fee: FREE; retail-sync; show-previews; show_recs; size_standard:US Women's; thumb-groups:womens-tiny-dancer;womens-tiny-dancer-cap-toe; thumbnails:womens-tiny-dancer-cap-toe; w-all:D-Shoes; w-all:Shoes3; womens-flats; womens-shoes; womens-shoes:Tiny Dancer; YGroup_womens-tiny-dancer-shoes; yotpo-reviews,15,9,$30900 - $30900,Yes
"=""7717361549402""",Tiny Dancer | Black Cap Toe,womens-tiny-dancer-ballet-flat-black-cap-toe,Thursday Boots - Women's Shoes,Shoes,1/15/2026,1/3/2026,8/8/2026,bf21:Leather; bf21:W-Shoes; bf21:WBeanie; bf21:Women-Belt-Black; bfcm-eligible; BIS; bis-sms; category:Women's Shoes; color:Black; credit_fee:FREE; exchange_fee:FREE; extended-sizes; fit_cat:true-to-size; fitfinder_inline; fqv2:tts-up; free-gift; gender:Women's; honest-pricing; interactive-details; klaviyo:Women; live_product; loop:Women's Tiny Dancer (Cap Toe); material:Leather; mlp:womens-shoes; model:Tiny Dancer; new-arrivals:Tiny Dancer; no-cs-variants; param_selector; pf-gender:Female; recommend:+0; redo:tiny dancer; refund_fee: FREE; retail-sync; show-previews; show_recs; size_standard:US Women's; thumb-groups:womens-tiny-dancer;womens-tiny-dancer-cap-toe; thumbnails:womens-tiny-dancer-cap-toe; womens-flats; womens-shoes; womens-shoes:Tiny Dancer; YGroup_womens-tiny-dancer-shoes; yotpo-reviews,15,9,$30900 - $30900,Yes
"=""7733079900250""",CPO Jacket | Husk,mens-cpo-military-jacket-husk-wool,Thursday - Men's Jackets,Jackets,1/15/2026,1/12/2026,8/8/2026,accessories; accessory-full; all:All; anagram-enabled; bf21:Jackets; bf21:M-Boot-Black; bf21:MBeanie; bf21:Men-Belt-BlackMatte; bf21:OilTanned; bfcm-eligible; BIS; color:Brown; credit_fee:FREE; exchange_fee:FREE; free-gift; honest-pricing; imp_new_guide; interactive-details; jackets:CPO Jacket; kfc:picks-3; klaviyo:Men; live_product; loop-accessory; material:Wool; mens-jackets; mens-jackets-collection; mlp:mens-jackets; model:CPO Jacket; no-cs-variants; pf-gender:Male; pf-status:active; pf-style:Jacket; pf-type:Accessories; product-switcher; recurate-hide; redo:cpo jacket; refund_fee: FREE; retail-sync; show-previews; show-sizing-tip; show_recs; size-chart; size:tbc-jacket; thumbnails:mens-cpo-jacket; wair-enabled; YGroup_mens-cpo-jacket,5,7,$56700 - $56700,Yes
"=""7733057552474""",CPO Jacket | Black & Grey,mens-cpo-military-jacket-black-grey-wool,Thursday - Men's Jackets,Jackets,1/15/2026,1/12/2026,8/8/2026,accessories; accessory-full; all:All; anagram-enabled; bf21:Jackets; bf21:M-Boot-Black; bf21:MBeanie; bf21:Men-Belt-BlackMatte; bf21:OilTanned; bfcm-eligible; BIS; color:Black; credit_fee:FREE; exchange_fee:FREE; free-gift; honest-pricing; imp_new_guide; interactive-details; jackets:CPO Jacket; klaviyo:Men; live_product; loop-accessory; material:Wool; mens-jackets; mens-jackets-collection; mlp:mens-jackets; model:CPO Jacket; no-cs-variants; pf-gender:Male; pf-status:active; pf-style:Jacket; pf-type:Accessories; product-switcher; recurate-hide; redo:cpo jacket; refund_fee: FREE; retail-sync; show-previews; show-sizing-tip; show_recs; size-chart; size:tbc-jacket; thumbnails:mens-cpo-jacket; wair-enabled; YGroup_mens-cpo-jacket,5,7,$56700 - $56700,Yes
"=""7733036482650""",Commonwealth | Charlestown,mens-commonwealth-moc-toe-shoe-charlestown,Thursday Boots - Men's Shoes,Shoes,1/15/2026,1/12/2026,8/8/2026,4col:Dress Shoes; all:All; anagram-enabled; as:RuggedKit; bf21:Leather; bf21:M-Shoes; bf21:MBeanie; bf21:Men-Belt-Black; bfcm-eligible; bfcm:Leather; BIS; boat-shoes-loafer:Dress Shoes; casual-shoes:Dress To Impress; category-group:Shoes; category:Men's Shoes; color:Brown; credit_fee:FREE; derby search_term; exchange_fee:FREE; extended-sizes; fit-quiz:occasional-true; fit_cat:half-down; fitfinder_inline; fqv2:half-down; free-gift; group:Shoes; highlight:Low Inventory; holiday:Dress Shoes2; holiday:DressShoes2; honest-pricing; interactive-details; keyword:Renegade; klaviyo:Men; landing:Dress-Shoes-2; loop:Men's Renegade; m-all:Shoes3; material:Rugged; mens-shoes; mlp:mens-shoes; model:Commonwealth; model:New Arrivals; no-cs-variants; pf-gender:Male; pf-status:active; pf-style:Blucher; pf-type:Shoes; product-switcher; recommend:-0.5; redo:commonwealth; refund_fee: FREE; retail-sync; search_term: storm king; shoes:Commonwealth; shoes:Dress Shoes; shoes:New Arrivals; show-previews; show_recs; sneakers:DressShoes2; sneakers:Shoes; sole:Rubber; style:Lace-Up; style:Plain Toe; thumbnails:mens-commonwealth; width:Standard; YGroup_mens-commonwealth-shoes; yotpo-reviews,19,8,$51500 - $51500,Yes
"=""7733019869274""",Commonwealth | Canyon,mens-commonwealth-moc-toe-shoe-canyon,Thursday Boots - Men's Shoes,Shoes,1/15/2026,1/12/2026,8/8/2026,4col:Dress Shoes; all:All; anagram-enabled; as:RuggedKit; bf21:Leather; bf21:M-Shoes; bf21:MBeanie; bf21:Men-Belt-Black; bfcm-eligible; bfcm:Leather; BIS; boat-shoes-loafer:Dress Shoes; casual-shoes:Dress To Impress; category-group:Shoes; category:Men's Shoes; color:Brown; credit_fee:FREE; derby search_term; exchange_fee:FREE; extended-sizes; fit-quiz:occasional-true; fit_cat:half-down; fitfinder_inline; fqv2:half-down; free-gift; group:Shoes; holiday:Dress Shoes2; holiday:DressShoes2; honest-pricing; interactive-details; keyword:Renegade; klaviyo:Men; landing:Dress-Shoes-2; loop:Men's Renegade; m-all:Shoes3; material:Rugged; mens-shoes; mlp:mens-shoes; model:Commonwealth; model:New Arrivals; no-cs-variants; pf-gender:Male; pf-status:active; pf-style:Blucher; pf-type:Shoes; product-switcher; recommend:-0.5; redo:commonwealth; refund_fee: FREE; retail-sync; search_term: storm king; shoes:Commonwealth; shoes:Dress Shoes; shoes:Featured Styles; shoes:New Arrivals; show-previews; show_recs; sneakers:DressShoes2; sneakers:Shoes; sole:Rubber; style:Lace-Up; style:Plain Toe; thumbnails:mens-commonwealth; width:Standard; YGroup_mens-commonwealth-shoes; yotpo-reviews,19,8,$51500 - $51500,Yes
"=""7732988575834""",Commonwealth | Arizona Adobe,mens-commonwealth-moc-toe-shoe-arizona-adobe,Thursday Boots - Men's Shoes,Shoes,1/15/2026,1/12/2026,8/8/2026,4col:Dress Shoes; all:All; anagram-enabled; as:RuggedKit; bf21:Leather; bf21:M-Shoes; bf21:MBeanie; bf21:Men-Belt-Black; bfcm-eligible; bfcm:Leather; BIS; boat-shoes-loafer:Dress Shoes; casual-shoes:Dress To Impress; category-group:Shoes; category:Men's Shoes; color:Brown; credit_fee:FREE; derby search_term; exchange_fee:FREE; extended-sizes; fit-quiz:occasional-true; fit_cat:half-down; fitfinder_inline; fqv2:half-down; free-gift; group:Shoes; holiday:Dress Shoes2; holiday:DressShoes2; honest-pricing; interactive-details; keyword:Renegade; klaviyo:Men; landing:Dress-Shoes-2; loop:Men's Renegade; m-all:Shoes3; material:Rugged; mens-shoes; mlp:mens-shoes; model:Commonwealth; model:New Arrivals; no-cs-variants; pf-gender:Male; pf-status:active; pf-style:Blucher; pf-type:Shoes; product-switcher; recommend:-0.5; redo:commonwealth; refund_fee: FREE; retail-sync; search_term: storm king; shoes:Commonwealth; shoes:Dress Shoes; shoes:New Arrivals; show-previews; show_recs; sneakers:DressShoes2; sneakers:Shoes; sole:Rubber; style:Lace-Up; style:Plain Toe; thumbnails:mens-commonwealth; width:Standard; YGroup_mens-commonwealth-shoes; yotpo-reviews,19,8,$51500 - $51500,Yes
"=""7719429898330""",Journeyman | Black,mens-journeyman-wholecut-chelsea-boot-black,Thursday Boots - Men's,boots,1/7/2026,1/6/2026,8/8/2026,4col:Featured-Styles-3; 4col:Journeyman; anagram-enabled; as:EssentialLeatherKit; bf21:M-Boot-Brown; bf21:MBeanie; bf21:Men-Belt-Cacao; bf21:WaxedSuede; bfcm-eligible; BIS; chelsea:Journeyman; color:Black; credit_fee:FREE; exchange_fee:FREE; extended-sizes; fit_cat:half-down; fitfinder_inline; fqv2:half-down; free-gift; honest-pricing; interactive-details; klaviyo:Men; live_product; material:Leather; mb_handcrafted; mens-boots; mlp:mens-boots-chelsea; model:Men's Journeyman; new-arrivals:Journeyman; no-cs-variants; pf-gender:Male; pf-status:active; pf-style:Lace-Up; pf-type:Boots; product-switcher; recommend:-0.5; redo:journeyman; refund_fee: FREE; retail-sync; show-previews; show_recs; sole:Rubber; style:Chelsea; thumb-groups:mens-journeyman;mens-evergreen-journeyman;mens-journeyman-final-batch; thumbnails:mens-evergreen-journeyman; width:Standard; YGroup_mens-journeyman; yotpo-reviews,19,8,$82700 - $82700,Yes
"=""7719281098842""",Journeyman | New England Snuff,mens-journeyman-wholecut-chelsea-boot-new-england-snuff,Thursday Boots - Men's,boots,1/7/2026,1/5/2026,8/8/2026,4col:Journeyman; alpham:More From Thursday; anagram-enabled; as:SuedeKit; bf21:M-Boot-Brown; bf21:MBeanie; bf21:Men-Belt-Cognac; bf21:Suede; bfcm-eligible; BIS; black-label; black-label:Boots; chelsea:Journeyman; color:Brown; credit_fee:FREE; exchange_fee:FREE; extended-sizes; fit_cat:half-down; fitfinder_inline; fqv2:half-down; free-gift; highlight:Black Label; holiday:Boots2; honest-pricing; interactive-details; klaviyo:Men; live_product; loop:Men's Journeyman; m-all:BlackLabel2; m-all:D-BlackLabel-Boots; material:Suede; mb_handcrafted; mens-boots; mlp:mens-boots-chelsea; model:Men's Journeyman; new-arrivals:Journeyman; no-cs-variants; pf-gender:Male; pf-status:active; pf-style:Lace-Up; pf-type:Boots; product-switcher; recommend:-0.5; redo:journeyman; refund_fee: FREE; retail-sync; show-previews; show_recs; sole:Rubber; style:Chelsea; thumb-groups:mens-journeyman;mens-evergreen-journeyman;mens-journeyman-final-batch; thumbnails:mens-journeyman; width:Standard; YGroup_mens-journeyman; yotpo-reviews,19,8,$93000 - $93000,Yes
"=""7719237124186""",Journeyman | Amaretto,mens-journeyman-wholecut-chelsea-boot-amaretto,Thursday Boots - Men's,boots,1/7/2026,1/5/2026,8/8/2026,4col:Featured-Styles-3; 4col:Journeyman; anagram-enabled; as:EssentialLeatherKit; bf21:M-Boot-Brown; bf21:MBeanie; bf21:Men-Belt-Cacao; bf21:WaxedSuede; bfcm-eligible; BIS; chelsea:Journeyman; color:Brown; credit_fee:FREE; exchange_fee:FREE; extended-sizes; fit_cat:half-down; fitfinder_inline; fqv2:half-down; free-gift; honest-pricing; interactive-details; klaviyo:Men; live_product; material:Leather; mb_handcrafted; mens-boots; mlp:mens-boots-chelsea; model:Men's Journeyman; new-arrivals:Journeyman; no-cs-variants; pf-gender:Male; pf-status:active; pf-style:Lace-Up; pf-type:Boots; product-switcher; recommend:-0.5; redo:journeyman; refund_fee: FREE; retail-sync; show-previews; show_recs; sole:Rubber; style:Chelsea; thumb-groups:mens-journeyman;mens-evergreen-journeyman;mens-journeyman-final-batch; thumbnails:mens-evergreen-journeyman; width:Standard; YGroup_mens-journeyman; yotpo-reviews,19,8,$82700 - $82700,Yes
"=""7713898561626""",Vista | Cuero,mens-vista-low-top-sneaker-cuero,Thursday Boots - Men's Sneakers,Sneakers,1/1/2026,12/29/2025,8/8/2026,anagram-enabled; as:EssentialLeatherKit; bf21:Leather; bf21:M-Low-Top-Sneaker; bf21:MBeanie; bf21:Men-Belt-Toffee; bfcm-eligible; BIS; bis-sms; color:Tan; credit_fee:FREE; exchange_fee:FREE; extended-sizes; fit_cat:true-to-size; fitfinder_inline; fqv2:tts-up; free-gift; gender:Men's; highlight:Low Inventory; honest-pricing; interactive-details; klaviyo:Men; live_product; loop:Men's Vista; low-top:Court; material:Leather; mens-sneakers; mlp:mens-sneakers; mobile-details; model:Vista; no-cs-variants; no_quiz; pf-gender:Male; recommend:+0; redo:vista; refund_fee: FREE; retail-sync; show-previews; show_recs; size_standard:US Men's; sneaker:Vista; thumbnails:mens-vista; YGroup_mens_vista_sneakers; yotpo-reviews,19,8,$40100 - $40100,Yes
"=""7713950826586""",Vista | Forest,mens-vista-low-top-sneaker-forest,Thursday Boots - Men's Sneakers,Sneakers,1/1/2026,12/29/2025,8/8/2026,anagram-enabled; as:EssentialLeatherKit; bf21:Leather; bf21:M-Low-Top-Sneaker; bf21:MBeanie; bf21:Men-Belt-Toffee; bfcm-eligible; BIS; bis-sms; color:White; credit_fee:FREE; exchange_fee:FREE; extended-sizes; fit_cat:true-to-size; fitfinder_inline; fqv2:tts-up; free-gift; gender:Men's; honest-pricing; interactive-details; klaviyo:Men; live_product; loop:Men's Vista; low-top:Court; material:Leather; mens-sneakers; mlp:mens-sneakers; mobile-details; model:Vista; new-arrivals:Sneakers; no-cs-variants; no_quiz; pf-gender:Male; recommend:+0; redo:vista; refund_fee: FREE; retail-sync; show-previews; show_recs; size_standard:US Men's; sneaker:Vista; thumbnails:mens-vista; YGroup_mens_vista_sneakers; yotpo-reviews,19,8,$40100 - $40100,Yes
"=""7714285453402""",Vista | Frost,mens-vista-low-top-sneaker-frost,Thursday Boots - Men's Sneakers,Sneakers,1/1/2026,12/30/2025,8/8/2026,anagram-enabled; as:EssentialLeatherKit; as:SuedeKit; bf21:Leather; bf21:M-Low-Top-Sneaker; bf21:MBeanie; bf21:Men-Belt-Toffee; bfcm-eligible; BIS; bis-sms; color:Cream; credit_fee:FREE; exchange_fee:FREE; extended-sizes; fit_cat:true-to-size; fitfinder_inline; fqv2:tts-up; free-gift; gender:Men's; honest-pricing; interactive-details; klaviyo:Men; live_product; loop:Men's Vista; low-top:Court; material:Suede; mens-sneakers; mlp:mens-sneakers; mobile-details; model:Vista; no-cs-variants; no_quiz; pf-gender:Male; recommend:+0; redo:vista; refund_fee: FREE; retail-sync; show-previews; show_recs; size_standard:US Men's; sneaker:Vista; thumbnails:mens-vista; YGroup_mens_vista_sneakers; yotpo-reviews,19,8,$40100 - $40100,Yes
"=""7714303115354""",Vista | White,mens-vista-low-top-sneaker-white,Thursday Boots - Men's Sneakers,Sneakers,1/1/2026,12/30/2025,8/8/2026,anagram-enabled; as:EssentialLeatherKit; bf21:Leather; bf21:M-Low-Top-Sneaker; bf21:MBeanie; bf21:Men-Belt-Toffee; bfcm-eligible; BIS; bis-sms; color:White; credit_fee:FREE; exchange_fee:FREE; extended-sizes; fit_cat:true-to-size; fitfinder_inline; fqv2:tts-up; free-gift; gender:Men's; honest-pricing; interactive-details; klaviyo:Men; live_product; loop:Men's Vista; low-top:Court; material:Leather; mens-sneakers; mlp:mens-sneakers; mobile-details; model:Vista; new-arrivals:Sneakers; no-cs-variants; no_quiz; pf-gender:Male; recommend:+0; redo:vista; refund_fee: FREE; retail-sync; show-previews; show_recs; size_standard:US Men's; sneaker:Vista; thumbnails:mens-vista; YGroup_mens_vista_sneakers; yotpo-reviews,19,8,$40100 - $40100,Yes
"=""7701668757594""",Captain Brogue | Coffee,mens-captain-brogue-lace-up-boot-coffee-leather,Thursday Boots - Men's,boots,12/23/2025,12/15/2025,8/8/2026,add-aftersell; all:All; anagram-enabled; as:EssentialLeatherKit; bf21:Leather; bf21:M-Boot-Brown; bf21:MBeanie; bf21:Men-Belt-BlackCoffee; bfcm-eligible; bfcm:Leather; BIS; category:Men's Boots; color:Brown; credit_fee:FREE; exchange_fee:FREE; extended-sizes; fit:captain; fit_cat:half-down; fitfinder_inline; fqv2:half-down; free-gift; group:Boots; honest-pricing; interactive-details; klaviyo:Men; live_product; loop:Men's Captain Brogue; material:Leather; mb_handcrafted; mbg:Captain; mens-boots; mens-captain; mlp:mens-boots-lu; mobile-details; model:Captain Brogue; no-cs-variants; pf-gender:Male; pf-status:active; pf-style:Lace-Up; pf-type:Boots; product-switcher; psil:CaptainBrogue; recommend:-0.5; recurate-hide; redo:captain brogue; refund_fee: FREE; retail-sync; show-previews; show_recs; sole:Rubber; style:Cap Toe; style:Lace-Up; thumb-groups:mens-wingtip-boot;mens-captain-brogue; thumbnails:mens-captain-brogue; width:Standard; YGroup_mens-captain-brogue-boot,19,8,$61500 - $61500,Yes
"=""7701613215834""",Captain Brogue | Black,mens-captain-brogue-lace-up-boot-black-leather,Thursday Boots - Men's,boots,12/23/2025,12/15/2025,8/8/2026,add-aftersell; all:All; anagram-enabled; as:EssentialLeatherKit; bf21:Leather; bf21:M-Boot-Brown; bf21:MBeanie; bf21:Men-Belt-BlackCoffee; bfcm-eligible; bfcm:Leather; BIS; category:Men's Boots; color:Black; correct_details; credit_fee:FREE; exchange_fee:FREE; extended-sizes; fit:captain; fit_cat:half-down; fitfinder_inline; fqv2:half-down; free-gift; group:Boots; honest-pricing; interactive-details; klaviyo:Men; live_product; loop:Men's Captain Brogue; material:Leather; mb_handcrafted; mbg:Captain; mens-boots; mens-captain; mlp:mens-boots-lu; mobile-details; model:Captain Brogue; no-cs-variants; pf-gender:Male; pf-status:active; pf-style:Lace-Up; pf-type:Boots; product-switcher; psil:CaptainBrogue; recommend:-0.5; recurate-hide; redo:captain brogue; refund_fee: FREE; retail-sync; show-previews; show_recs; sole:Rubber; style:Cap Toe; style:Lace-Up; thumb-groups:mens-wingtip-boot;mens-captain-brogue; thumbnails:mens-captain-brogue; width:Standard; YGroup_mens-captain-brogue-boot,19,8,$61500 - $61500,Yes
"=""7694670528602""",Heritage Captain StormKing® | Black Oil Tan,mens-heritage-captain-stormking-lace-up-boot-black-oil-tan,Thursday Boots - Men's,boots,12/11/2025,12/8/2025,8/8/2026,4col:Heritage Captain; add-aftersell; all:All; anagram-enabled; as:EssentialLeatherKit; bf21:M-Boot-Brown; bf21:MBeanie; bf21:Men-Belt-Arizona; bf21:OilTanned; bfcm-eligible; bfcm:Other; BIS; built-to-last; color:Black; credit_fee:FREE; detail-callouts; exchange_fee:FREE; extended-sizes; fit:captain; fit_cat:half-down; fitfinder_inline; fqv2:half-down; free-gift; heritage:Heritage Captain; honest-pricing; interactive-details; keyword:Captain (Men's); keyword:Natural; klaviyo:Men; live_product; loop:Men's Heritage Captain; material:Leather; mb_handcrafted; mbg:Captain; mens-boots; mens-captain; mlp:mens-boots-rr; mobile-details; model:Heritage Captain StormKing; new-arrivals:Heritage Captain; no-cs-variants; pf-gender:Male; pf-status:active; pf-style:Lace-Up; pf-type:Boots; product-switcher; psil:Heritage Captain; recommend:-0.5; redo:heritage captain; refund_fee: FREE; retail-sync; rugged:Heritage Captain; show-previews; show_recs; sole:Rubber; style:Cap Toe; style:Lace-Up; subgroup:Rugged Collection; thumb-groups:mens-heritage-captain;mens-heritage-captain-stormking; thumbnails:mens-heritage-captain-stormking; width:Standard; YCRF_sizing; YGroup_mens-heritage-captain-boot; yotpo-reviews,19,10,$67300 - $67300,Yes
"=""7686298697818""",Penny Jane | Black,womens-penny-jane-lug-sole-black-leather,Thursday Boots - Women's Shoes,Shoes,12/11/2025,11/29/2025,8/8/2026,anagram-enabled; bf21:Leather; bf21:W-Shoes; bf21:WBeanie; bf21:Women-Belt-Black; bfcm-eligible; BIS; bis-sms; category:Women's Shoes; color:Black; credit_fee:FREE; exchange_fee:FREE; extended-sizes; fit_cat:true-to-size; fitfinder_inline; fqv2:tts-up; free-gift; gender:Women's; honest-pricing; interactive-details; keyword:penny loafer; klaviyo:Women; live_product; loop:Women's Penny Jane; material:Leather; mlp:womens-shoes; mobile-details; model:Penny Jane; no-cs-variants; param_selector; pf-gender:Female; recommend:+0; redo:penny jane; refund_fee: FREE; retail-sync; show-previews; show_recs; size_standard:US Women's; thumbnails:womens-penny-jane; w-beanie; womens-flats; womens-shoes; womens-shoes:Penny Jane; YGroup_womens-penny-jane-shoes,15,9,$42900 - $42900,Yes
"=""7686350078042""",Station Jacket | Olive,mens-station-wool-jacket-olive,Thursday - Men's Jackets,Jackets,12/11/2025,11/29/2025,8/8/2026,accessories; accessory-full; all:All; anagram-enabled; bf21:Jackets; bf21:M-Boot-Black; bf21:MBeanie; bf21:Men-Belt-BlackMatte; bf21:OilTanned; bfcm-eligible; BIS; color:Olive; credit_fee:FREE; exchange_fee:FREE; free-gift; honest-pricing; imp_new_guide; interactive-details; jackets:Station Jacket; klaviyo:Men; live_product; loop-accessory; loop:Men's Station Jacket; material:Wool; mens-jackets; mens-jackets-collection; mlp:mens-jackets; model:Station Jacket; no-cs-variants; pf-gender:Male; pf-status:active; pf-style:Jacket; pf-type:Accessories; product-switcher; recurate-hide; redo:station jacket; refund_fee: FREE; retail-sync; show-previews; show-sizing-tip; show_recs; size-chart; size:tbc-jacket; thumbnails:mens-station-jacket; wair-enabled; YGroup_mens-station-jacket; yotpo-reviews,5,7,$71300 - $71300,Yes
"=""7686347292762""",Station Jacket | Navy,mens-station-wool-jacket-navy,Thursday - Men's Jackets,Jackets,12/11/2025,11/29/2025,8/8/2026,accessories; accessory-full; all:All; anagram-enabled; bf21:Jackets; bf21:M-Boot-Black; bf21:MBeanie; bf21:Men-Belt-BlackMatte; bf21:OilTanned; bfcm-eligible; BIS; color:Blue; credit_fee:FREE; exchange_fee:FREE; free-gift; honest-pricing; imp_new_guide; interactive-details; jackets:Station Jacket; klaviyo:Men; live_product; loop-accessory; loop:Men's Station Jacket; material:Wool; mens-jackets; mens-jackets-collection; mlp:mens-jackets; model:Station Jacket; no-cs-variants; pf-gender:Male; pf-status:active; pf-style:Jacket; pf-type:Accessories; product-switcher; recurate-hide; redo:station jacket; refund_fee: FREE; retail-sync; show-previews; show-sizing-tip; show_recs; size-chart; size:tbc-jacket; thumbnails:mens-station-jacket; wair-enabled; YGroup_mens-station-jacket; yotpo-reviews,5,7,$71300 - $71300,Yes
"=""7686328320090""",Station Jacket | Elmwood,mens-station-wool-jacket-brown-elmwood,Thursday - Men's Jackets,Jackets,12/11/2025,11/29/2025,8/8/2026,accessories; accessory-full; all:All; anagram-enabled; bf21:Jackets; bf21:M-Boot-Black; bf21:MBeanie; bf21:Men-Belt-BlackMatte; bf21:OilTanned; bfcm-eligible; BIS; color:Brown; credit_fee:FREE; exchange_fee:FREE; free-gift; honest-pricing; imp_new_guide; interactive-details; jackets:Station Jacket; klaviyo:Men; live_product; loop-accessory; loop:Men's Station Jacket; material:Wool; mens-jackets; mens-jackets-collection; mlp:mens-jackets; model:Station Jacket; no-cs-variants; pf-gender:Male; pf-status:active; pf-style:Jacket; pf-type:Accessories; product-switcher; recurate-hide; redo:station jacket; refund_fee: FREE; retail-sync; show-previews; show-sizing-tip; show_recs; size-chart; size:tbc-jacket; thumbnails:mens-station-jacket; wair-enabled; YGroup_mens-station-jacket; yotpo-reviews,5,7,$71300 - $71300,Yes
"=""7686317277274""",Station Jacket | Black,mens-station-wool-jacket-black,Thursday - Men's Jackets,Jackets,12/11/2025,11/29/2025,8/8/2026,accessories; accessory-full; all:All; anagram-enabled; bf21:Jackets; bf21:M-Boot-Black; bf21:MBeanie; bf21:Men-Belt-BlackMatte; bf21:OilTanned; bfcm-eligible; BIS; color:Black; credit_fee:FREE; exchange_fee:FREE; free-gift; honest-pricing; imp_new_guide; interactive-details; jackets:Station Jacket; klaviyo:Men; live_product; loop-accessory; loop:Men's Station Jacket; material:Wool; mens-jackets; mens-jackets-collection; mlp:mens-jackets; model:Station Jacket; no-cs-variants; pf-gender:Male; pf-status:active; pf-style:Jacket; pf-type:Accessories; product-switcher; recurate-hide; redo:station jacket; refund_fee: FREE; retail-sync; show-previews; show-sizing-tip; show_recs; size-chart; size:tbc-jacket; thumbnails:mens-station-jacket; wair-enabled; YGroup_mens-station-jacket; yotpo-reviews,5,7,$71300 - $71300,Yes
"=""7692538085466""",Captain Boot Keychain,captain-boot-keychain,Thursday Boots - Accessories,Keychains,12/5/2025,12/5/2025,8/8/2026,accessories; all:All; BIS; category:Laces2; color:Black; credit_fee:500; exchange_fee:500; klaviyo:Men; live_product; pf-type:Accessories; product-switcher; recurate-hide; refund_fee: 500; retail-sync; show_recs; thumbnail-previews,1,3,$2900 - $2900,Yes
"=""7680114524250""",Keanu Jacket | Tobacco,mens-keanu-leather-jacket-tobacco,Thursday - Men's Jackets,Jackets,12/4/2025,11/24/2025,8/8/2026,accessories; accessory-full; all:All; anagram-enabled; bf21:Jackets; bf21:Leather; bf21:M-Boot-Brown; bf21:MBeanie; bf21:Men-Belt-Walnut; bfcm-eligible; BIS; category:Jackets; color:Brown; credit_fee:FREE; exchange_fee:FREE; free-gift; honest-pricing; imp_new_guide; interactive-details; jackets:Keanu Jacket; klaviyo:Men; leather-jackets:Keanu Jacket; live_product; loop-accessory; loop:Men's Keanu Jacket; material:Rugged; mens-jackets; mens-jackets-collection; mlp:mens-jackets; model:Keanu Jacket; no-cs-variants; pf-gender:Male; pf-status:active; pf-style:Jacket; pf-type:Accessories; product-switcher; redo:keanu jacket; refund_fee: FREE; retail-sync; show-previews; show-sizing-tip; show_recs; size-chart; size:tbc-jacket; thumbnails:mens-keanu-jacket; wair-enabled; YGroup_mens-keanu-jacket; yotpo-reviews,5,8,$103000 - $103000,Yes
"=""7680093552730""",Keanu Jacket | Golden Brown,mens-keanu-leather-jacket-golden-brown,Thursday - Men's Jackets,Jackets,12/4/2025,11/24/2025,8/8/2026,accessories; accessory-full; all:All; anagram-enabled; as:EssentialLeatherKit; bf21:Jackets; bf21:Leather; bf21:M-Boot-Brown; bf21:MBeanie; bf21:Men-Belt-Walnut; bfcm-eligible; BIS; category:Jackets; color:Tan; credit_fee:FREE; exchange_fee:FREE; free-gift; honest-pricing; imp_new_guide; interactive-details; jackets:Keanu Jacket; klaviyo:Men; leather-jackets:Keanu Jacket; live_product; loop-accessory; loop:Men's Keanu Jacket; material:Leather; mens-jackets; mens-jackets-collection; mlp:mens-jackets; model:Keanu Jacket; no-cs-variants; pf-gender:Male; pf-status:active; pf-style:Jacket; pf-type:Accessories; product-switcher; redo:keanu jacket; refund_fee: FREE; retail-sync; show-previews; show-sizing-tip; show_recs; size-chart; size:tbc-jacket; thumbnails:mens-keanu-jacket; wair-enabled; YGroup_mens-keanu-jacket; yotpo-reviews,5,8,$103000 - $103000,Yes
"=""7663091810394""",Roadrunner Low | Black,mens-roadrunner-low-moc-toe-shoe-black-suede,Thursday Boots - Men's Shoes,Shoes,12/4/2025,11/8/2025,8/8/2026,all:All; anagram-enabled; as:SuedeKit; bf21:M-Shoes; bf21:MBeanie; bf21:Men-Belt-BurntCopper; bf21:OilTanned; bfcm-eligible; bfcm:Leather; BIS; bis-paused; color:Black; credit_fee:FREE; derby search_term; exchange_fee:FREE; extended-sizes; fit-quiz:occasional-true; fit_cat:half-down; fitfinder_inline; fqv2:half-down; free-gift; group:Shoes; honest-pricing; interactive-details; kfc:picks-1; klaviyo:Men; loop:Men's Roadrunner Low; material:Suede; mens-shoes; mlp:mens-shoes; model:Roadrunner Low; no-cs-variants; pf-gender:Male; pf-status:active; pf-style:Blucher; pf-type:Shoes; product-switcher; recommend:-0.5; redo:roadrunner low; refund_fee: FREE; retail-sync; shoes:Roadrunner Low; show-previews; show_recs; sole:Rubber; style:Lace-Up; style:Plain Toe; thumbnails:mens-roadrunner-low; width:Standard; YGroup_mens-roadrunner-low-shoes,19,9,$51500 - $51500,Yes
"=""7663109767258""",Roadrunner Low | Sand,mens-roadrunner-low-moc-toe-shoe-sand-suede,Thursday Boots - Men's Shoes,Shoes,12/4/2025,11/8/2025,8/8/2026,all:All; anagram-enabled; as:SuedeKit; bf21:M-Shoes; bf21:MBeanie; bf21:Men-Belt-BurntCopper; bf21:OilTanned; bfcm-eligible; bfcm:Leather; BIS; bis-paused; color:Tan; credit_fee:FREE; derby search_term; exchange_fee:FREE; extended-sizes; fit-quiz:occasional-true; fit_cat:half-down; fitfinder_inline; fqv2:half-down; free-gift; group:Shoes; honest-pricing; interactive-details; kfc:picks-1; klaviyo:Men; loop:Men's Roadrunner Low; material:Suede; mens-shoes; mlp:mens-shoes; model:Roadrunner Low; no-cs-variants; pf-gender:Male; pf-status:active; pf-style:Blucher; pf-type:Shoes; product-switcher; recommend:-0.5; redo:roadrunner low; refund_fee: FREE; retail-sync; shoes:Roadrunner Low; show-previews; show_recs; sole:Rubber; style:Plain Toe; thumbnails:mens-roadrunner-low; width:Standard; YGroup_mens-roadrunner-low-shoes,19,9,$51500 - $51500,No
"=""7631151005786""",Racer Jacket | Toffee,mens-racer-leather-jacket-toffee,Thursday - Men's Jackets,Jackets,11/27/2025,10/18/2025,8/8/2026,accessories; accessory-full; all:All; anagram-enabled; as:EssentialLeatherKit; bf21:Jackets; bf21:M-Boot-Black; bf21:MBeanie; bf21:Men-Belt-BlackMatte; bf21:OilTanned; bfcm-eligible; BIS; color:Brown; credit_fee:FREE; exchange_fee:FREE; fit-guide; free-gift; honest-pricing; imp_new_guide; in-thumbnails; interactive-details; jackets:Racer Jacket; klaviyo:Men; landing:Jackets; leather-jackets:Racer Jacket; live_product; loop-accessory; loop:Men's Racer Jacket; material:Leather; mens-jackets; mens-jackets-collection; mlp:mens-jackets; model:Racer Jacket; new-fit-guide; no-cs-variants; pf-gender:Male; pf-status:active; pf-style:Jacket; pf-type:Accessories; product-switcher; redo:racer jacket; refund_fee: FREE; retail-sync; show-previews; show-sizing-tip; show_recs; size-chart; size:tbc-jacket; thumbnails:mens-racer-jacket; wair-enabled; YGroup_mens-racer-jacket; yotpo-reviews,5,9,$99900 - $99900,Yes
"=""7674382942298""",Summit Flannel Shirt | Olive Herringbone,mens-summit-flannel-shirt-olive-herringbone,Thursday - Men's Shirts,Shirts,11/20/2025,11/17/2025,8/8/2026,accessories; accessory-full; all:All; anagram-enabled; bf21:MBeanie; bf21:Men-Belt-Brown; bf21:Shirt; bfcm-eligible; BIS; color:Olive; credit_fee:FREE; exchange_fee:FREE; free-gift; honest-pricing; interactive-details; klaviyo:Men; live_product; loop:Men's Summit Flannel Shirt; material:Flannel; mens-shirts; mlp:mens-shirts; model:Summit Flannel Shirt; new-arrivals:Shirts; pf-gender:Male; product-switcher; recurate-hide; redo:summit flannel shirt; refund_fee: FREE; retail-sync; shirts:Summit3; show-previews; show-sizing-tip; show_recs; size-chart; size:tbc-shirt; thumb-groups:mens-summit-flannel-shirt;mens-summit-shirt-herringbone; thumbnails:mens-summit-shirt-herringbone; wair-enabled; wair-testing; YGroup_mens-summit-flannel-shirt; yotpo-reviews,5,8,$28100 - $28100,Yes
"=""7674346504282""",Summit Flannel Shirt | Black Herringbone,mens-summit-flannel-shirt-black-herringbone,Thursday - Men's Shirts,Shirts,11/20/2025,11/17/2025,8/8/2026,accessories; accessory-full; all:All; anagram-enabled; bf21:MBeanie; bf21:Men-Belt-Brown; bf21:Shirt; bfcm-eligible; BIS; color:Black; credit_fee:FREE; exchange_fee:FREE; free-gift; honest-pricing; interactive-details; klaviyo:Men; live_product; loop:Men's Summit Flannel Shirt; m-all:D-Featured-Shirts; material:Flannel; mens-shirts; mlp:mens-shirts; model:Summit Flannel Shirt; new-arrivals:Shirts; pf-gender:Male; product-switcher; recurate-hide; redo:summit flannel shirt; refund_fee: FREE; retail-sync; shirts:Summit3; show-previews; show-sizing-tip; show_recs; size-chart; size:tbc-shirt; thumb-groups:mens-summit-flannel-shirt;mens-summit-shirt-herringbone; thumbnails:mens-summit-shirt-herringbone; wair-enabled; wair-testing; YGroup_mens-summit-flannel-shirt; yotpo-reviews,5,8,$28100 - $28100,Yes
"=""7674327466074""",Solid Shirt | Heather Grey,mens-solid-button-up-shirt-heather-grey,Thursday - Men's Shirts,Shirts,11/20/2025,11/17/2025,8/8/2026,accessories; accessory-full; all:All; anagram-enabled; bf21:MBeanie; bf21:Men-Belt-Brown; bf21:Shirt; bfcm-eligible; BIS; color:Black; credit_fee:FREE; exchange_fee:FREE; extended-sizes; free-gift; honest-pricing; interactive-details; klaviyo:Men; live_product; loop:Men's Solid Shirt; material:Cotton; mens-shirts; mlp:mens-shirts; model:Solid Shirt; new-arrivals:Shirts; pf-gender:Male; product-switcher; recurate-hide; redo:solid shirt; refund_fee: FREE; retail-sync; shirts:Solid Shirt; show-previews; show-sizing-tip; show_recs; size-chart; size:tbc-shirt; thumbnails:mens-solid-shirt; wair-enabled; wair-testing; YGroup_mens-solid-shirt; yotpo-reviews,5,8,$28100 - $28100,Yes
"=""7674295025754""",Solid Shirt | Brown,mens-solid-button-up-shirt-brown,Thursday - Men's Shirts,Shirts,11/20/2025,11/17/2025,8/8/2026,accessories; accessory-full; all:All; anagram-enabled; bf21:MBeanie; bf21:Men-Belt-Brown; bf21:Shirt; bfcm-eligible; BIS; color:Brown; credit_fee:FREE; exchange_fee:FREE; extended-sizes; free-gift; honest-pricing; interactive-details; klaviyo:Men; live_product; loop:Men's Solid Shirt; material:Cotton; mens-shirts; mlp:mens-shirts; model:Solid Shirt; new-arrivals:Shirts; pf-gender:Male; product-switcher; recurate-hide; redo:solid shirt; refund_fee: FREE; retail-sync; shirts:Solid Shirt; show-previews; show-sizing-tip; show_recs; size-chart; size:tbc-shirt; thumbnails:mens-solid-shirt; wair-enabled; wair-testing; YGroup_mens-solid-shirt; yotpo-reviews,5,8,$28100 - $28100,Yes
"=""7674259996762""",Rider Jacket | Rich Mahogany,mens-rider-jacket-rich-mahogany-leather,Thursday - Men's Jackets,Jackets,11/20/2025,11/17/2025,8/8/2026,accessories; accessory-full; all:All; anagram-enabled; as:EssentialLeatherKit; bf21:Leather; bf21:M-Boot-Brown; bf21:MBeanie; bf21:Men-Belt-Brandy; BIS; color:Brown; credit_fee:FREE; exchange_fee:FREE; fit-guide; free-gift; honest-pricing; imp_new_guide; in-thumbnails; interactive-details; jackets:Rider Jacket; klaviyo:Men; loop-accessory; loop:Men's Rider Jacket; material:Leather; mens-jackets; mens-jackets-collection; mlp:mens-jackets; model:Rider Jacket; new-fit-guide; no-cs-variants; pf-gender:Male; pf-status:active; pf-style:Jacket; pf-type:Accessories; product-switcher; redo:rider jacket; refund_fee: FREE; show-previews; show-sizing-tip; show_recs; size-chart; size:tbc-jacket; thumbnails:mens-rider-jacket; wair-enabled; YGroup_mens-rider-jacket; yotpo-reviews,5,8,$103000 - $103000,Yes
"=""7653537415258""",Rider Jacket | Hickory,mens-rider-jacket-hickory-leather,Thursday - Men's Jackets,Jackets,11/20/2025,11/1/2025,8/8/2026,accessories; accessory-full; all:All; anagram-enabled; as:EssentialLeatherKit; bf21:Leather; bf21:M-Boot-Brown; bf21:MBeanie; bf21:Men-Belt-Brandy; BIS; color:Tan; credit_fee:FREE; exchange_fee:FREE; fit-guide; free-gift; honest-pricing; imp_new_guide; in-thumbnails; interactive-details; jackets:Rider Jacket; klaviyo:Men; loop-accessory; loop:Men's Rider Jacket; material:Leather; mens-jackets; mens-jackets-collection; mlp:mens-jackets; model:Rider Jacket; new-fit-guide; no-cs-variants; pf-gender:Male; pf-status:active; pf-style:Jacket; pf-type:Accessories; product-switcher; redo:rider jacket; refund_fee: FREE; show-previews; show-sizing-tip; show_recs; size-chart; size:tbc-jacket; thumbnails:mens-rider-jacket; wair-enabled; YGroup_mens-rider-jacket; yotpo-reviews,5,8,$103000 - $103000,Yes
"=""7653499535450""",Rider Jacket | Java,mens-rider-jacket-java-leather,Thursday - Men's Jackets,Jackets,11/20/2025,11/1/2025,8/8/2026,accessories; accessory-full; all:All; anagram-enabled; as:EssentialLeatherKit; bf21:Leather; bf21:M-Boot-Brown; bf21:MBeanie; bf21:Men-Belt-Brandy; BIS; color:Brown; credit_fee:FREE; exchange_fee:FREE; fit-guide; free-gift; honest-pricing; imp_new_guide; in-thumbnails; interactive-details; jackets:Rider Jacket; klaviyo:Men; loop-accessory; loop:Men's Rider Jacket; material:Leather; mens-jackets; mens-jackets-collection; mlp:mens-jackets; model:Rider Jacket; new-fit-guide; no-cs-variants; pf-gender:Male; pf-status:active; pf-style:Jacket; pf-type:Accessories; product-switcher; redo:rider jacket; refund_fee: FREE; show-previews; show-sizing-tip; show_recs; size-chart; size:tbc-jacket; thumbnails:mens-rider-jacket; wair-enabled; YGroup_mens-rider-jacket; yotpo-reviews,5,8,$103000 - $103000,Yes
"=""7226594754650""",[S] Frontier | Arizona Adobe,_thrscnd_frontier-arizona-adobe,Thursday Boots - Seconds - Men's Boots,boots,11/18/2025,6/11/2024,8/8/2026,add-aftersell; as:RuggedKit; category:Men's Boots; color:Brown; extended-sizes; FinalSale; fit_cat:half-down; fitfinder_inline; fqv2:half-up; group:Boots; include-thumbnails; klaviyo:Men; material:Rugged; mb_handcrafted; mens-boots; model:Frontier; NoRefund; pf-gender:Male; pf-status:active; pf-type:Boots; product-switcher; recommend:-0.5; recurate-disqualify; recurate-hide; retail-sync; search_term: cowboy; show-previews; style:Plain Toe; tbsec:Frontier; thumbnails:seconds-mens-frontier; thursday-seconds; update-skus; width:Standard; YCRF_sizing,19,7,$36900 - $36900,Yes
"=""7226623524954""",[S] Frontier | Tobacco,_thrscnd_mens-frontier-tobacco,Thursday Boots - Seconds - Men's Boots,boots,11/18/2025,6/11/2024,8/8/2026,add-aftersell; all:All; as:RuggedKit; category:Men's Boots; color:Brown; extended-sizes; FinalSale; fit_cat:half-down; fitfinder_inline; fqv2:half-up; group:Boots; include-thumbnails; klaviyo:Men; material:Rugged; mb_handcrafted; mens-boots; mlp:mens-boots-western; model:Frontier; NoRefund; pf-gender:Male; pf-status:active; pf-type:Boots; product-switcher; recommend:-0.5; recurate-disqualify; recurate-hide; retail-sync; search_term: cowboy; show-previews; style:Plain Toe; tbsec:Frontier; thumbnails:seconds-mens-frontier; thursday-seconds; update-skus; width:Standard; YCRF_sizing,19,7,$36900 - $36900,Yes
"=""7226725597274""",[S] Icon | Black,_thrscnd_womens-icon-black-1,Thursday Boots - Seconds - Women's Boots,boots,11/18/2025,6/11/2024,8/8/2026,all:All; category:Women's Boots; color:Black; extended-sizes; fit_cat:true-to-size; fitfinder_inline; fqv2:tts-up; group:Boots; klaviyo:Women; material:Leather; model:Icon; pf-gender:Female; pf-status:active; pf-style:Chelsea; pf-type:Boots; product-switcher; recommend:+0.5; recurate-disqualify; recurate-hide; retail-sync; show-previews; style:Chelsea; style:Western; tbsec:Western Boots; thumbnails:seconds-womens-icon-a; update-skus; wb-group:Icon; wbs-group:Icon; womens-boots; zipper:No Zipper,15,8,$36900 - $36900,Yes
"=""7226727956570""",[S] Icon | White,_thrscnd_womens-icon-white-1,Thursday Boots - Seconds - Women's Boots,boots,11/18/2025,6/11/2024,8/8/2026,all:All; category:Women's Boots; color:White; FinalSale; fit_cat:true-to-size; fitfinder_inline; fqv2:tts-up; group:Boots; klaviyo:Women; loop:Women's Icon; material:Leather; model:Icon; NoRefund; pf-gender:Female; pf-status:active; pf-style:Chelsea; pf-type:Boots; product-switcher; recommend:+0.5; recurate-disqualify; recurate-hide; retail-sync; show-previews; style:Chelsea; style:Western; tbsec:Western Boots; thumbnails:seconds-womens-icon-a; thursday-seconds; update-skus; wb-group:Icon; wbs-group:Icon; womens-boots; zipper:No Zipper,13,8,$36900 - $36900,No
"=""6598279331930""",Icon | White,womens-icon-high-heel-chelsea-boot-white,Thursday Boots - Women's,boots,11/18/2025,7/29/2021,8/8/2026,"4col:Icon; 4col:Western Inspired; all:All; anagram-enabled; bf21:Leather; bf21:W-Boot-Black; bf21:WBeanie; bf21:Women-Belt-Black; bfcm-eligible; BIS; bootie:Icon; category:Women's Boots; chelsea:Icon; color:White; condensed:Icon; credit_fee:FREE; exchange_fee:FREE; fit_cat:true-to-size; fitfinder_inline; fqv2:tts-up; free-gift; group:Boots; heel:High (3-4""); high-heel:Icon; honest-pricing; interactive-details; klaviyo:Women; live_product; loop:Women's Icon; material:Leather; mlp:womens-boots-western; model:Icon; new-arrivals:Icon; no-cs-variants; pf-gender:Female; pf-status:active; pf-style:Chelsea; pf-type:Boots; product-switcher; psis:Icon; recommend:+0.5; redo:icon; refund_fee: FREE; retail-sync; show-previews; show_recs; style:Chelsea; style:Western; thumbnails:womens-icon; w-beanie; wb-group:Icon; wbs-group:Icon; womens-boots; YGroup_womens-icon; yotpo-reviews; zipper:No Zipper",13,8,$51500 - $51500,Yes
"=""7665142759514""",Canvas Shopper | Natural,womens-cotton-canvas-shopper-tote-natural,Thursday Boots - Women's Bags,Bags,11/13/2025,11/10/2025,8/8/2026,bags:Canvas Shopper; bf2020-100; BIS; color:Cream; credit_fee:500; exchange_fee:500; holiday:WBags2; honest-pricing; interactive-details; live_product; material:Cotton; model:Canvas Shopper; pf-status:active; pf-type:Accessories; product-switcher; recurate-hide; refund_fee: 500; retail-sync; show-previews; show_recs; thumbnail-previews; thumbnails:womens-canvas-shopper; YGroup_womens-canvas-shopper-bag,1,7,$11500 - $11500,Yes
"=""7663133917274""",Women's Encore | White & Pink,womens-encore-low-top-sneaker-white-pink-leather,Thursday Boots - Women's Sneakers,Sneakers,11/13/2025,11/8/2025,8/8/2026,anagram-enabled; bf21:Leather; bf21:W-Boot-Brown; bf21:W-Sneakers; bf21:WBeanie; bfcm-eligible; BIS; bis-sms; color:Pink; credit_fee:FREE; exchange_fee:FREE; extended-sizes; fit_cat:true-to-size; fitfinder_inline; fqv2:tts-up; free-gift; gender:Women's; honest-pricing; interactive-details; klaviyo:Women; loop:Women's Encore; low-top:Encore; material:Leather; mlp:womens-sneakers; mobile-details; model:Encore; new-arrivals:Sneakers; no-cs-variants; pf-gender:Female; recommend:+0; redo:womens encore; refund_fee: FREE; retail-sync; show-previews; show_recs; size_standard:US Women's; sneaker:Encore; thumbnails:womens-encore; womens-sneakers; womens-sneakers:Encore; YGroup_womens-encore; yotpo-reviews,15,8,$38700 - $38700,Yes
"=""7663125626970""",Women's Encore | Black Patent,womens-encore-low-top-sneaker-black-patent,Thursday Boots - Women's Sneakers,Sneakers,11/13/2025,11/8/2025,8/8/2026,anagram-enabled; bf21:Leather; bf21:W-Sneakers; bf21:WBeanie; bf21:Women-Belt-Black; bfcm-eligible; BIS; bis-sms; color:Black; credit_fee:FREE; exchange_fee:FREE; extended-sizes; fit_cat:true-to-size; fitfinder_inline; fqv2:tts-up; free-gift; gender:Women's; honest-pricing; interactive-details; klaviyo:Women; loop:Women's Encore; low-top:Encore; material:Leather; mlp:womens-sneakers; mobile-details; model:Encore; new-arrivals:Sneakers; no-cs-variants; pf-gender:Female; recommend:+0; redo:womens encore; refund_fee: FREE; retail-sync; show-previews; show_recs; size_standard:US Women's; sneaker:Encore; thumbnails:womens-encore; womens-sneakers; womens-sneakers:Encore; YGroup_womens-encore; yotpo-reviews,15,8,$38700 - $38700,Yes
"=""7663141388378""",Women's Legacy | White & Emerald,womens-legacy-low-top-gum-sole-sneaker-white-emerald,Thursday Boots - Women's Sneakers,Sneakers,11/13/2025,11/8/2025,8/8/2026,anagram-enabled; bf21:Leather; bf21:W-Sneakers; bf21:WBeanie; bf21:Women-Belt-Black; bfcm-eligible; BIS; bis-sms; category:Sneakers; color:White; credit_fee:FREE; exchange_fee:FREE; extended-sizes; fit_cat:true-to-size; fitfinder_inline; fqv2:half-up; free-gift; gender:Women's; honest-pricing; interactive-details; klaviyo:Women; live_product; loop:Women's Legacy; lowtop:Legacy; ls-testing; material:Leather; mlp:womens-sneakers; model:Legacy; new-arrivals:Sneakers; no-cs-variants; param_selector; pf-gender:Female; recommend:+0; redo:womens legacy; refund_fee: FREE; retail-sync; show-previews; show_recs; size_standard:US Women's; thumb-groups:womens-classic-low-tops;womens-heritage-low-tops;womens-legacy; thumbnails:womens-legacy; womens-sneakers; womens-sneakers:Legacy; YGroup_womens-legacy; yotpo-reviews,15,9,$38700 - $38700,Yes
"=""7665091280986""",Bomber Jacket | Dark Olive,mens-bomber-jacket-dark-olive-suede,Thursday - Men's Jackets,Jackets,11/13/2025,11/10/2025,8/8/2026,accessories; accessory-full; all:All; anagram-enabled; as:SuedeKit; bf21:Jackets; bf21:M-Boot-Brown; bf21:MBeanie; bf21:Men-Belt-Olive; bf21:Suede; bfcm-eligible; BIS; color:Brown; credit_fee:FREE; exchange_fee:FREE; fit-guide; free-gift; honest-pricing; imp_new_guide; interactive-details; jackets:Bomber Jacket; klaviyo:Men; leather-jackets:Bomber Jacket; live_product; loop-accessory; loop:Men's Bomber Jacket; material:Suede; mens-jackets; mens-jackets-collection; mlp:mens-jackets; model:Bomber Jacket; no-cs-variants; pf-gender:Male; pf-status:active; pf-style:Jacket; pf-type:Accessories; product-switcher; redo:bomber jacket; refund_fee: FREE; retail-sync; show-previews; show-sizing-tip; show_recs; size-chart; size:tbc-jacket; thumbnails:mens-bomber-jacket; wair-enabled; YGroup_mens-bomber-jacket; yotpo-reviews,5,8,$99900 - $99900,Yes
"=""7631069151322""",Bomber Jacket | Navy,mens-bomber-jacket-navy-suede,Thursday - Men's Jackets,Jackets,11/13/2025,10/18/2025,8/8/2026,accessories; accessory-full; all:All; anagram-enabled; as:SuedeKit; bf21:Jackets; bf21:M-Boot-Brown; bf21:MBeanie; bf21:Men-Belt-Brown; bf21:Suede; bfcm-eligible; BIS; color:Blue; credit_fee:FREE; exchange_fee:FREE; fit-guide; free-gift; honest-pricing; imp_new_guide; interactive-details; jackets:Bomber Jacket; klaviyo:Men; leather-jackets:Bomber Jacket; live_product; loop-accessory; loop:Men's Bomber Jacket; material:Suede; mens-jackets; mens-jackets-collection; mlp:mens-jackets; model:Bomber Jacket; no-cs-variants; pf-gender:Male; pf-status:active; pf-style:Jacket; pf-type:Accessories; product-switcher; redo:bomber jacket; refund_fee: FREE; show-previews; show-sizing-tip; show_recs; size-chart; size:tbc-jacket; thumbnails:mens-bomber-jacket; wair-enabled; YGroup_mens-bomber-jacket; yotpo-reviews,5,8,$99900 - $99900,Yes
"=""7655701872730""",Stallion Jacket | Sequoia,mens-stallion-shearling-jacket-sequoia,Thursday - Men's Jackets,Jackets,11/6/2025,11/3/2025,8/8/2026,accessories; accessory-full; anagram-enabled; as:EssentialLeatherKit; bf21:Jackets; bf21:M-Boot-Brown; bf21:MBeanie; bf21:Men-Belt-BurntCopper; bf21:OilTanned; bfcm-eligible; BIS; black-label; black-label:Jackets & Apparel; color:Brown; credit_fee:FREE; exchange_fee:FREE; fit-guide; free-gift; highlight:Black Label; honest-pricing; imp_new_guide; interactive-details; jackets:Stallion Jacket; klaviyo:Men; loop-accessory; loop:Men's Stallion Jacket; material:Leather; mens-jackets; mens-jackets-collection; mlp:mens-jackets; model:Stallion Jacket; new-fit-guide; no-cs-variants; pf-gender:Male; pf-style:Jacket; pf-type:Accessories; product-switcher; redo:stallion jacket; refund_fee: FREE; retail-sync; show-previews; show-sizing-tip; show_recs; size-chart; size:tbc-jacket; thumbnails:mens-stallion-jacket; wair-enabled; YGroup_mens-stallion-jacket,5,6,$185700 - $185700,Yes
"=""7655572668506""",Stallion Jacket | Black,mens-stallion-shearling-jacket-black,Thursday - Men's Jackets,Jackets,11/6/2025,11/3/2025,8/8/2026,accessories; accessory-full; anagram-enabled; as:EssentialLeatherKit; bf21:Jackets; bf21:M-Boot-Black; bf21:MBeanie; bf21:Men-Belt-Black; bf21:OilTanned; bfcm-eligible; BIS; black-label; black-label:Jackets & Apparel; color:Black; credit_fee:FREE; exchange_fee:FREE; fit-guide; free-gift; highlight:Black Label; holiday:Jackets3; honest-pricing; imp_new_guide; interactive-details; jackets:Stallion Jacket; klaviyo:Men; loop-accessory; loop:Men's Stallion Jacket; material:Leather; mens-jackets; mens-jackets-collection; mlp:mens-jackets; model:Stallion Jacket; new-fit-guide; no-cs-variants; pf-gender:Male; pf-style:Jacket; pf-type:Accessories; product-switcher; redo:stallion jacket; refund_fee: FREE; retail-sync; show-previews; show-sizing-tip; show_recs; size-chart; size:tbc-jacket; thumbnails:mens-stallion-jacket; wair-enabled; YGroup_mens-stallion-jacket,5,6,$185700 - $185700,Yes
"=""7653247516762""",Premier Low Top | Hickory,mens-premier-low-top-sneaker-hickory-leather,Thursday Boots - Men's Sneakers,Sneakers,11/6/2025,10/31/2025,8/8/2026,anagram-enabled; as:EssentialLeatherKit; bf21:Leather; bf21:M-Low-Top-Sneaker; bf21:MBeanie; bf21:Men-Belt-NaturalVachetta; bfcm-eligible; BIS; bis-sms; casual-shoes:Classic Low Top; color:Brown; credit_fee:FREE; exchange_fee:FREE; extended-sizes; fit_cat:true-to-size; fitfinder_inline; fqv2:tts-up; free-gift; gender:Men's; highlight:Back In Stock; honest-pricing; interactive-details; klaviyo:Men; live_product; loop:Men's Premier Low Top; material:Leather; mens-sneakers; mlp:mens-sneakers; mobile-details; model:Premier Low Top; new-arrivals:Sneakers; no-cs-variants; no_quiz; param_selector; pf-gender:Male; recommend:+0; redo:premier low top; refund_fee: FREE; retail-sync; shoes:Classic Low Top; show-previews; show_recs; size_standard:US Men's; sneaker-b:Classic Low Top; sneaker:LowTop2; thumb-groups:mens-classic-low-tops;mens-heritage-low-tops;mens-legacy; thumbnails:mens-premier-low-top; YGroup_mens-premier-low-top; yotpo-reviews,19,8,$38700 - $38700,Yes
"=""7653214355546""",Premier Low Top | Burnt Copper,mens-premier-low-top-sneaker-burnt-copper,Thursday Boots - Men's Sneakers,Sneakers,11/6/2025,10/31/2025,8/8/2026,anagram-enabled; as:RuggedKit; bf21:M-Low-Top-Sneaker; bf21:MBeanie; bf21:Men-Belt-BurntCopper; bf21:OilTanned; bfcm-eligible; BIS; bis-sms; break-thumb; casual-shoes:Heritage Low Top; color:Tan; credit_fee:FREE; exchange_fee:FREE; extended-sizes; fit_cat:true-to-size; fitfinder_inline; fqv2:tts-up; free-gift; gender:Men's; honest-pricing; interactive-details; klaviyo:Men; live_product; loop:Men's Premier Low Top; low-top:Heritage Low Top; material:Rugged; mens-sneakers; mlp:mens-sneakers; mobile-details; model:Premier Low Top; new-arrivals:Sneakers; no-cs-variants; no_quiz; param_selector; pf-gender:Male; recommend:+0; redo:premier low top; refund_fee: FREE; retail-sync; shoes:Heritage Low Top; show-previews; show_recs; size_standard:US Men's; sneaker-b:Heritage Low Top; sneaker:Heritage Low Top; sneaker:Heritage2; thumb-groups:mens-classic-low-tops;mens-heritage-low-tops;mens-legacy; YGroup_mens-premier-low-top; yotpo-reviews,19,8,$38700 - $38700,Yes
"=""7653173166170""",Encore | Dusty,mens-encore-low-top-sneaker-dusty-suede,Thursday Boots - Men's Sneakers,Sneakers,11/6/2025,10/31/2025,8/8/2026,anagram-enabled; as:SuedeKit; bf21:M-Low-Top-Sneaker; bf21:MBeanie; bf21:Men-Belt-BurntCopper; bf21:Suede; bfcm-eligible; BIS; bis-sms; casual-shoes:Encore; color:Brown; credit_fee:FREE; exchange_fee:FREE; extended-sizes; fit_cat:true-to-size; fitfinder_inline; fqv2:tts-up; free-gift; gender:Men's; honest-pricing; interactive-details; klaviyo:Men; live_product; loop:Men's Encore; low-top:Encore; material:Suede; mens-sneakers; mlp:mens-sneakers; model:Encore; new-arrivals:Sneakers; no-cs-variants; no_quiz; pf-gender:Male; recommend:+0; redo:encore; refund_fee: FREE; retail-sync; shoes:Encore; show-previews; show_recs; size_standard:US Men's; sneaker-b:Encore; sneaker:Encore2; thumbnails:mens-encore; width:Standard; YGroup_mens-encore; yotpo-reviews,19,9,$40100 - $40100,Yes
"=""7653452283994""",President | Snuff,mens-president-lace-up-boot-snuff-suede,Thursday Boots - Men's,boots,11/6/2025,11/1/2025,8/8/2026,4col:President; add-aftersell; all:All; anagram-enabled; bf21:M-Boot-Brown; bf21:MBeanie; bf21:Men-Belt-Mocha; bf21:Suede; bfcm-eligible; BIS; ca-transfer; category:Men's Boots; color:Brown; credit_fee:FREE; exchange_fee:FREE; extended-sizes; fit:president; fit_cat:half-down; fitfinder_inline; fqv2:half-down; free-gift; group:Boots; honest-pricing; include-thumbnails; interactive-details; intl_chart_only; keyword:Brown; keyword:President (Men's); klaviyo:Men; live_product; loop:Men's President; material:Suede; mb_handcrafted; mbg:President; mens-boots; mens-president; mlp:mens-boots-lu; mobile-details; model:President; no-cs-variants; no_quiz; pf-gender:Male; pf-status:active; pf-style:Lace-Up; pf-type:Boots; product-switcher; psil:President; recommend:-0.5; redo:president; refund_fee: FREE; retail-sync; show-previews; show_recs; sole:Rubber; style:Lace-Up; style:Plain Toe; thumb-groups:mens-standard-president;mens-rugged-president;mens-president-stormking; thumbnails:mens-standard-president; width:Standard; YGroup_mens-president-boot; yotpo-reviews,19,8,$57000 - $57000,Yes
"=""7653359976538""",Builder | Folklore,mens-builder-lace-up-boot-folklore,Thursday Boots - Men's,boots,11/6/2025,11/1/2025,8/8/2026,4col:Builder; anagram-enabled; as:EssentialLeatherKit; bf21:Leather; bf21:M-Boot-Brown; bf21:MBeanie; bf21:Men-Belt-BurntCopper; bfcm-eligible; BIS; black-label; black-label:Boots; color:Tan; credit_fee:FREE; exchange_fee:FREE; extended-sizes; fit_cat:half-down; fitfinder_inline; fqv2:half-down; free-gift; highlight:Black Label; honest-pricing; interactive-details; klaviyo:Men; live_product; loop:Men's Builder; material:Leather; mb_handcrafted; mens-boots; mlp:mens-boots-black-label; model:Builder; no-cs-variants; pf-gender:Male; pf-type:Boots; product-switcher; psil:Builder; recommend:-0.5; redo:builder; refund_fee: FREE; retail-sync; show-previews; show_recs; sole:Rubber; style:Lace-Up; thumbnails:mens-builder; width:Standard; YGroup_mens-builder; yotpo-reviews,19,9,$99900 - $99900,Yes
"=""7653285986394""",Builder | Black Coffee CXL,mens-builder-lace-up-boot-black-coffee-horween-cxl,Thursday Boots - Men's,boots,11/6/2025,11/1/2025,8/8/2026,4col:Builder; anagram-enabled; as:EssentialLeatherKit; bf21:Leather; bf21:M-Boot-Brown; bf21:MBeanie; bf21:Men-Belt-BlackCoffee; bfcm-eligible; BIS; black-label; black-label:Boots; color:Brown; credit_fee:FREE; exchange_fee:FREE; extended-sizes; fit_cat:half-down; fitfinder_inline; fqv2:half-down; free-gift; highlight:Black Label; honest-pricing; interactive-details; klaviyo:Men; live_product; loop:Men's Builder; m-all:BlackLabel2; m-all:D-BlackLabel-Boots; material:Leather; mb_handcrafted; mens-boots; mlp:mens-boots-black-label; model:Builder; no-cs-variants; pf-gender:Male; pf-type:Boots; product-switcher; psil:Builder; recommend:-0.5; redo:builder; refund_fee: FREE; retail-sync; show-previews; show_recs; sole:Rubber; style:Lace-Up; thumbnails:mens-builder; width:Standard; YGroup_mens-builder; yotpo-reviews,19,9,$99900 - $99900,Yes
"=""7629324812378""",[W] Denim Trucker Jacket | Pitch Black,wh-denim-trucker-jacket-pitch-black,Thursday - Men's Jackets (WH),Men's Fabric Jackets,10/30/2025,10/17/2025,8/8/2026,4col:Warehouse; accessories; accessory-full; all:All; bf21:Denim; bf21:MBeanie; bf21:Men-Belt-Black; bfcm-eligible; canvas-jackets:Denim Trucker Jacket; category:Jackets; color:Black; credit_fee:FREE; exchange_fee:FREE; FinalSale; free-gift; group:Outerwear; heritage:Outerwear; imp_new_guide; interactive-details; jacket-reduced; jackets:Denim Trucker Jacket; klaviyo:Men; leather-jackets:Denim Trucker Jacket; loop-accessory; loop:Men's Denim Trucker Jacket; m-all:Jackets3; m_all:Jackets; material:Denim; mens-jackets; midweight:Denim Trucker Jacket; mlp:mens-jackets; model:Denim Jacket; new-arrivals:Denim Jackets; NoRefund; pf-gender:Male; pf-status:active; pf-style:Jacket; pf-type:Accessories; product-switcher; refund_fee: FREE; retail-sync; shirts:Outerwear3; show-previews; show-sizing-tip; size-chart; size:tbc-jacket; tbc-warehouse; thumbnails:wh-mens-denim-trucker-jacket; wair-enabled; wh:Men's Collection; YGroup_mens-denim-jacket; yotpo-reviews,5,7,$28100 - $28100,Yes
"=""7636386938970""",Bifold Wallet | Rustic Brown,bifold-wallet-rustic-brown-leather,Thursday Boots - Accessories,Wallets,10/29/2025,10/20/2025,8/8/2026,accessories; accessory-full; all:All; belt; bf2020-50; BIS; color:Brown; credit_fee:500; discount:2600; exchange_fee:500; group:Belts & Wallets; gwp-eligible; keyword:Black; klaviyo:Unisex; live_product; loop-accessory; material:Leather; model:Bifold Wallet; pf-gender:Male; pf-status:active; pf-style:Wallet; pf-type:Accessories; product-switcher; recurate-hide; refund_fee: 500; related:black-bifold-wallet; related:brown-bifold-wallet; related:natural-bifold-wallet; retail-sync; show-previews; thumb-groups:mens-bifold-wallet;mens-bifold-blacklabel; thumbnails:mens-bifold-wallet; wallet; wallets:Bifolds; YGroup_mens-wallet; yotpo-reviews,1,9,$18600 - $18600,Yes
"=""7636405420122""",Bifold Wallet | Stone Rambler,bifold-wallet-stone-rambler-leather,Thursday Boots - Accessories,Wallets,10/28/2025,10/20/2025,8/8/2026,accessories; accessory-full; all:All; belt; bf2020-50; BIS; black-label; color:Brown; credit_fee:500; discount:2600; exchange_fee:500; highlight:Black Label; keyword:Black; klaviyo:Unisex; live_product; loop-accessory; material:Leather; model:Bifold Wallet; pf-gender:Male; pf-status:active; pf-style:Wallet; pf-type:Accessories; place:Wallets; product-switcher; recurate-hide; refund_fee: 500; related:black-bifold-wallet; related:brown-bifold-wallet; related:natural-bifold-wallet; retail-sync; show-previews; thumb-groups:mens-bifold-wallet;mens-bifold-blacklabel; thumbnails:mens-bifold-blacklabel; wallet; wallets:Black Label; YGroup_mens-wallet; yotpo-reviews,1,9,$27200 - $27200,Yes
"=""7636399980634""",Bifold Wallet | Snuff Reverse,bifold-wallet-snuff-reverse-suede,Thursday Boots - Accessories,Wallets,10/28/2025,10/20/2025,8/8/2026,accessories; accessory-full; all:All; belt; bf2020-50; BIS; black-label; color:Brown; credit_fee:500; discount:2600; exchange_fee:500; highlight:Black Label; keyword:Black; klaviyo:Unisex; live_product; loop-accessory; material:Suede; model:Bifold Wallet; pf-gender:Male; pf-status:active; pf-style:Wallet; pf-type:Accessories; product-switcher; recurate-hide; refund_fee: 500; related:black-bifold-wallet; related:brown-bifold-wallet; related:natural-bifold-wallet; retail-sync; show-previews; thumb-groups:mens-bifold-wallet;mens-bifold-blacklabel; thumbnails:mens-bifold-blacklabel; wallet; wallets:Black Label; YGroup_mens-wallet; yotpo-reviews,1,9,$27200 - $27200,Yes
"=""7636394213466""",Bifold Wallet | Snuff Kudu,bifold-wallet-snuff-kudu-leather,Thursday Boots - Accessories,Wallets,10/28/2025,10/20/2025,8/8/2026,accessories; accessory-full; all:All; belt; bf2020-50; BIS; black-label; category:Wallets; color:Tan; credit_fee:500; discount:2600; exchange_fee:500; highlight:Black Label; keyword:Black; klaviyo:Unisex; live_product; loop-accessory; material:Leather; model:Bifold Wallet; pf-gender:Male; pf-status:active; pf-style:Wallet; pf-type:Accessories; product-switcher; recurate-hide; refund_fee: 500; related:black-bifold-wallet; related:brown-bifold-wallet; related:natural-bifold-wallet; retail-sync; show-previews; thumb-groups:mens-bifold-wallet;mens-bifold-blacklabel; thumbnails:mens-bifold-blacklabel; wallet; wallets:Black Label; YGroup_mens-wallet; yotpo-reviews,1,9,$27200 - $27200,Yes
"=""7636371898458""",Bifold Wallet | Black x Natural Teacore,bifold-wallet-black-natural-teacore-leather,Thursday Boots - Accessories,Wallets,10/28/2025,10/20/2025,8/8/2026,accessories; accessory-full; all:All; belt; bf2020-50; BIS; black-label; color:Black; credit_fee:500; discount:2600; exchange_fee:500; highlight:Black Label; keyword:Black; klaviyo:Unisex; live_product; loop-accessory; material:Leather; model:Bifold Wallet; pf-gender:Male; pf-status:active; pf-style:Wallet; pf-type:Accessories; product-switcher; recurate-hide; refund_fee: 500; related:black-bifold-wallet; related:brown-bifold-wallet; related:natural-bifold-wallet; retail-sync; show-previews; thumb-groups:mens-bifold-wallet;mens-bifold-blacklabel; thumbnails:mens-bifold-blacklabel; wallet; wallets:Black Label; YGroup_mens-wallet; yotpo-reviews,1,9,$27200 - $27200,Yes
"=""7621138317402""",Women's Premier Low Top | White & Gold,womens-premier-low-top-white-gold,Thursday Boots - Women's Sneakers,Sneakers,10/23/2025,10/10/2025,8/8/2026,anagram-enabled; bf21:Leather; bf21:W-Sneakers; bf21:WBeanie; bf21:Women-Belt-Black; bfcm-eligible; BIS; bis-sms; category:Sneakers; color:White; condensed:Low Top; condensed:LowTop2; credit_fee:FREE; exchange_fee:FREE; extended-sizes; fit_cat:true-to-size; fitfinder_inline; fqv2:tts-up; free-gift; gender:Women's; honest-pricing; interactive-details; klaviyo:Women; live_product; loop:Women's Premier Low Top; material:Leather; mlp:womens-sneakers; mobile-details; model:Premier Low Top; new-arrivals:Sneakers; no-cs-variants; pf-gender:Female; recommend:+0; redo:womens premier low top; refund_fee: FREE; retail-sync; show-previews; show_recs; size_standard:US Women's; thumb-groups:womens-classic-low-tops;womens-heritage-low-tops;womens-legacy; thumbnails:womens-classic-low-tops; womens-sneakers; womens-sneakers:LowTop2; YGroup_womens-premier-low-top; yotpo-reviews,15,8,$38700 - $38700,Yes
"=""7621066588250""",Women's Premier Low Top | Latte,womens-premier-low-top-sneaker-latte,Thursday Boots - Women's Sneakers,Sneakers,10/23/2025,10/9/2025,8/8/2026,anagram-enabled; as:SuedeKit; bf21:Suede; bf21:W-Boot-Brown; bf21:W-Sneakers; bf21:WBeanie; bfcm-eligible; BIS; bis-sms; category:Sneakers; color:Tan; condensed:Low Top; condensed:LowTop3; credit_fee:FREE; exchange_fee:FREE; extended-sizes; fit_cat:true-to-size; fitfinder_inline; fqv2:tts-up; free-gift; gender:Women's; honest-pricing; interactive-details; klaviyo:Women; live_product; loop:Women's Premier Low Top; material:Suede; mlp:womens-sneakers; mobile-details; model:Premier Low Top; new-arrivals:Sneakers; no-cs-variants; pf-gender:Female; recommend:+0; redo:womens premier low top; refund_fee: FREE; retail-sync; show-previews; show_recs; size_standard:US Women's; thumb-groups:womens-classic-low-tops;womens-heritage-low-tops;womens-legacy; thumbnails:womens-classic-low-tops; womens-sneakers; womens-sneakers:LowTop3; YGroup_womens-premier-low-top; yotpo-reviews,15,8,$38700 - $38700,Yes
"=""7636344143962""",Work Wife | Taupe,womens-work-wife-tote-taupe-leather,Thursday Boots - Women's Bags,Bags,10/23/2025,10/20/2025,8/8/2026,accessories; anagram-enabled; bags:Work Wife; bf21:Leather; bf21:W-Boot-Black; bf21:WBeanie; bf21:Women-Belt-Black; bfcm-eligible; BIS; color:Black; credit_fee:FREE; exchange_fee:FREE; free-gift; holiday:Bags2; honest-pricing; interactive-details; klaviyo:Women; live_product; loop:Work Wife; material:Leather; model:Work Wife; pf-gender:Female; pf-status:active; pf-type:Accessories; product-switcher; redo:work wife; refund_fee: FREE; retail-sync; show-previews; show_recs; thumbnail-previews; thumbnails:womens-work-wife-bag; womens-bags; YGroup_womens-work-wife-bag,1,8,$53800 - $53800,Yes
"=""7631356952666""",Work Wife | Tan,womens-work-wife-tote-tan-leather,Thursday Boots - Women's Bags,Bags,10/23/2025,10/18/2025,8/8/2026,accessories; anagram-enabled; bags:Work Wife; bf21:Leather; bf21:W-Boot-Brown; bf21:WBeanie; bfcm-eligible; BIS; color:Tan; credit_fee:FREE; exchange_fee:FREE; free-gift; honest-pricing; interactive-details; klaviyo:Women; live_product; loop:Work Wife; material:Leather; model:Work Wife; pf-gender:Female; pf-status:active; pf-type:Accessories; product-switcher; redo:work wife; refund_fee: FREE; retail-sync; show-previews; show_recs; thumbnail-previews; thumbnails:womens-work-wife-bag; womens-bags; YGroup_womens-work-wife-bag,1,8,$53800 - $53800,Yes
"=""7631249604698""",Work Wife | Black,womens-work-wife-tote-black-leather,Thursday Boots - Women's Bags,Bags,10/23/2025,10/18/2025,8/8/2026,accessories; anagram-enabled; bags:Work Wife; bf21:Leather; bf21:W-Boot-Black; bf21:WBeanie; bf21:Women-Belt-Black; bfcm-eligible; BIS; color:Black; credit_fee:FREE; exchange_fee:FREE; free-gift; holiday:Bags2; honest-pricing; interactive-details; klaviyo:Women; live_product; loop:Work Wife; material:Leather; model:Work Wife; pf-gender:Female; pf-status:active; pf-type:Accessories; product-switcher; redo:work wife; refund_fee: FREE; retail-sync; show-previews; show_recs; thumbnail-previews; thumbnails:womens-work-wife-bag; womens-bags; YGroup_womens-work-wife-bag,1,8,$53800 - $53800,Yes
"=""7636543832154""",Oxford Shirt | White & Indigo,mens-oxford-shirt-white-indigo,Thursday - Men's Shirts,Shirts,10/23/2025,10/20/2025,8/8/2026,accessories; accessory-full; alextest:Oxford Shirt; all:All; anagram-enabled; bf21:MBeanie; bf21:Men-Belt-Brown; bf21:Shirt; bfcm-eligible; BIS; color:White; credit_fee:FREE; exchange_fee:FREE; free-gift; holiday:Shirts2; honest-pricing; interactive-details; klaviyo:Men; live_product; loop:Men's Oxford Shirt; m-all:D-Featured-Shirts; material:Cotton; mens-shirts; mlp:mens-shirts; model:Oxford Shirt; new-arrivals:Shirts; pf-gender:Male; product-switcher; redo:oxford shirt; refund_fee: FREE; retail-sync; shirts:Oxford Shirt; show-previews; show-sizing-tip; show_recs; size-chart; size:tbc-shirt; thumbnails:mens-oxford-shirt; wair-enabled; wair-testing; YGroup_mens-oxford-shirt,5,7,$28100 - $28100,Yes
"=""7498373005402""",Oxford Shirt | Black,mens-oxford-shirt-black,Thursday - Men's Shirts,Shirts,10/23/2025,6/20/2025,8/8/2026,accessories; accessory-full; alextest:Oxford Shirt; all:All; anagram-enabled; bags:Shirts; bf21:MBeanie; bf21:Men-Belt-Black; bf21:Shirt; bfcm-eligible; BIS; color:Black; credit_fee:FREE; exchange_fee:FREE; free-gift; honest-pricing; interactive-details; klaviyo:Men; live_product; loop:Men's Oxford Shirt; m-all:D-Featured-Shirts; material:Cotton; mens-shirts; mlp:mens-shirts; model:Oxford Shirt; pf-gender:Male; product-switcher; redo:oxford shirt; refund_fee: FREE; retail-sync; shirts:Oxford Shirt; show-previews; show-sizing-tip; show_recs; size-chart; size:tbc-shirt; thumbnails:mens-oxford-shirt; wair-enabled; wair-testing; YGroup_mens-oxford-shirt,5,7,$28100 - $28100,Yes
"=""7498372841562""",Oxford Shirt | Indigo,mens-oxford-shirt-indigo,Thursday - Men's Shirts,Shirts,10/23/2025,6/20/2025,8/8/2026,accessories; accessory-full; alextest:Oxford Shirt; all:All; anagram-enabled; bf21:MBeanie; bf21:Men-Belt-Brown; bf21:Shirt; bfcm-eligible; BIS; color:Blue; credit_fee:FREE; exchange_fee:FREE; free-gift; honest-pricing; interactive-details; klaviyo:Men; live_product; loop:Men's Oxford Shirt; material:Cotton; mens-shirts; mlp:mens-shirts; model:Oxford Shirt; pf-gender:Male; product-switcher; redo:oxford shirt; refund_fee: FREE; retail-sync; shirts:Oxford Shirt; show-previews; show-sizing-tip; show_recs; size-chart; size:tbc-shirt; thumbnails:mens-oxford-shirt; wair-enabled; wair-testing; YGroup_mens-oxford-shirt,5,7,$28100 - $28100,Yes
"=""7498372644954""",Oxford Shirt | Light Blue,mens-oxford-shirt-light-blue,Thursday - Men's Shirts,Shirts,10/23/2025,6/20/2025,8/8/2026,accessories; accessory-full; alextest:Oxford Shirt; all:All; anagram-enabled; bf21:MBeanie; bf21:Men-Belt-Brown; bf21:Shirt; bfcm-eligible; BIS; color:Blue; credit_fee:FREE; exchange_fee:FREE; free-gift; honest-pricing; interactive-details; klaviyo:Men; live_product; loop:Men's Oxford Shirt; material:Cotton; mens-shirts; mlp:mens-shirts; model:Oxford Shirt; pf-gender:Male; product-switcher; redo:oxford shirt; refund_fee: FREE; retail-sync; shirts:Oxford Shirt; show-previews; show-sizing-tip; show_recs; size-chart; size:tbc-shirt; thumbnails:mens-oxford-shirt; wair-enabled; wair-testing; YGroup_mens-oxford-shirt,5,7,$28100 - $28100,Yes
"=""7498369564762""",Oxford Shirt | White,mens-oxford-shirt-white,Thursday - Men's Shirts,Shirts,10/23/2025,6/20/2025,8/8/2026,4col:Shirts; accessories; accessory-full; alextest:Oxford Shirt; all:All; anagram-enabled; bags:Shirts2; bf21:MBeanie; bf21:Men-Belt-Black; bf21:Shirt; bfcm-eligible; BIS; color:White; credit_fee:FREE; exchange_fee:FREE; free-gift; honest-pricing; interactive-details; jackets-cs:Shirts; klaviyo:Men; live_product; loop:Men's Oxford Shirt; material:Cotton; mens-shirts; mlp:mens-shirts; model:Oxford Shirt; pf-gender:Male; product-switcher; redo:oxford shirt; refund_fee: FREE; retail-sync; shirts:Oxford Shirt; show-previews; show-sizing-tip; show_recs; size-chart; size:tbc-shirt; thumbnails:mens-oxford-shirt; wair-enabled; wair-testing; YGroup_mens-oxford-shirt,5,7,$28100 - $28100,Yes
"=""7631003713626""",President StormKing® | Desert Brown,mens-president-lace-up-boot-desert-brown-stormking,Thursday Boots - Men's,boots,10/23/2025,10/18/2025,8/8/2026,4col:PRNRugged; add-aftersell; all:All; anagram-enabled; as:RuggedKit; bf21:Leather; bf21:M-Boot-Brown; bf21:MBeanie; bf21:Men-Belt-Brown; bfcm-eligible; bfcm:Other; BIS; category:Men's Boots; color:Brown; credit_fee:FREE; exchange_fee:FREE; extended-sizes; fit:president; fit_cat:half-down; fitfinder_inline; fqv2:half-down; free-gift; gray-details; group:Boots; highlight:StormKing®; honest-pricing; interactive-details; intl_chart_only; keyword:President (Men's); klaviyo:Men; live_product; loop:Men's President; material:Rugged; mb_handcrafted; mbg:President; mens-boots; mens-president; mobile-details; model:President Stormking; new-arrivals:President; no-cs-variants; no_quiz; pf-gender:Male; pf-status:active; pf-style:Lace-Up; pf-type:Boots; product-switcher; psil:PRNRugged; recommend:-0.5; redo:president; refund_fee: FREE; retail-sync; rugged:President; show-previews; show_recs; sole:Rubber; style:Lace-Up; style:Plain Toe; subgroup:Rugged Collection; thumb-groups:mens-standard-president;mens-rugged-president;mens-president-stormking; thumbnails:mens-president-stormking; width:Standard; YCRF_sizing; YGroup_mens-president-boot; yotpo-reviews,19,8,$57000 - $57000,Yes
"=""7630961705050""",President | Safari,mens-president-lace-up-boot-safari-suede,Thursday Boots - Men's,boots,10/23/2025,10/18/2025,8/8/2026,4col:PRNRugged; add-aftersell; all:All; anagram-enabled; as:SuedeKit; bags:Men's Boots; bf21:M-Boot-Brown; bf21:MBeanie; bf21:Men-Belt-Natural; bf21:Suede; bfcm-eligible; BIS; ca-transfer; category:Men's Boots; color:Brown; credit_fee:FREE; exchange_fee:FREE; extended-sizes; fit:president; fit_cat:half-down; fitfinder_inline; fqv2:half-down; free-gift; group:Boots; honest-pricing; include-thumbnails; interactive-details; intl_chart_only; keyword:Brown; keyword:President (Men's); klaviyo:Men; live_product; loop:Men's President; material:Suede; mb_handcrafted; mbg:President; mens-boots; mens-president; mlp:mens-boots-lu; mobile-details; model:President; new-arrivals:President; no-cs-variants; no_quiz; pf-gender:Male; pf-status:active; pf-style:Lace-Up; pf-type:Boots; product-switcher; psil:PRNRugged; recommend:-0.5; redo:president; refund_fee: FREE; retail-sync; rugged:President; show-previews; show_recs; sole:Rubber; style:Lace-Up; style:Plain Toe; subgroup:Rugged Collection; suede-feature; thumb-groups:mens-standard-president;mens-rugged-president;mens-president-stormking; weathersafe; width:Standard; YGroup_mens-president-boot; yotpo-reviews,19,8,$57000 - $57000,Yes
"=""7624921415770""",Wallet Wristlet | Saddle,womens-wallet-wristlet-saddle-leather,Thursday Boots - Women's Bags,Bags,10/16/2025,10/13/2025,8/8/2026,accessory-full; all:All; anagram-enabled; bags:Wallet Wristlet; bf21:Leather; bf21:W-Boot-Brown; bf21:WBeanie; bfcm-eligible; BIS; color:Brown; credit_fee:FREE; exchange_fee:FREE; free-gift; holiday:WBags2; honest-pricing; interactive-details; klaviyo:Women; loop-accessory; loop:Wallet Wristlet; material:Leather; model:Wallet Wristlet; pf-gender:Female; pf-type:Accessories; product-switcher; redo:wallet wristlet; refund_fee: FREE; retail-sync; show-previews; show_recs; thumbnail-previews; thumbnails:womens-wallet-wristlet-bag; YGroup_womens-wallet-wristlet-bag,1,7,$25200 - $25200,Yes
"=""7624913485914""",Wallet Wristlet | Red,womens-wallet-wristlet-red-leather,Thursday Boots - Women's Bags,Bags,10/16/2025,10/13/2025,8/8/2026,accessory-full; all:All; anagram-enabled; bags:Wallet Wristlet; bf21:Leather; bf21:W-Boot-Brown; bf21:WBeanie; bfcm-eligible; BIS; color:Red; credit_fee:FREE; exchange_fee:FREE; free-gift; holiday:Bags3; honest-pricing; interactive-details; klaviyo:Women; loop-accessory; loop:Wallet Wristlet; material:Leather; model:Wallet Wristlet; pf-gender:Female; pf-type:Accessories; product-switcher; redo:wallet wristlet; refund_fee: FREE; retail-sync; show-previews; show_recs; thumbnail-previews; thumbnails:womens-wallet-wristlet-bag; YGroup_womens-wallet-wristlet-bag,1,7,$25200 - $25200,Yes
"=""7624906473562""",Wallet Wristlet | Pine,womens-wallet-wristlet-pine-leather,Thursday Boots - Women's Bags,Bags,10/16/2025,10/13/2025,8/8/2026,accessory-full; all:All; anagram-enabled; bags:Wallet Wristlet; bf21:Leather; bf21:W-Boot-Brown; bf21:WBeanie; bfcm-eligible; BIS; color:Green; credit_fee:FREE; exchange_fee:FREE; free-gift; holiday:WBags2; honest-pricing; interactive-details; klaviyo:Women; loop-accessory; loop:Wallet Wristlet; material:Leather; model:Wallet Wristlet; pf-gender:Female; pf-type:Accessories; product-switcher; redo:wallet wristlet; refund_fee: FREE; retail-sync; show-previews; show_recs; thumbnail-previews; thumbnails:womens-wallet-wristlet-bag; YGroup_womens-wallet-wristlet-bag,1,7,$25200 - $25200,Yes
"=""7624903229530""",Wallet Wristlet | Mustang,womens-wallet-wristlet-mustang-leather,Thursday Boots - Women's Bags,Bags,10/16/2025,10/13/2025,8/8/2026,accessory-full; all:All; anagram-enabled; bags:Wallet Wristlet; bf21:Leather; bf21:W-Boot-Brown; bf21:WBeanie; bfcm-eligible; BIS; color:Brown; credit_fee:FREE; exchange_fee:FREE; free-gift; holiday:Bags3; honest-pricing; interactive-details; klaviyo:Women; loop-accessory; loop:Wallet Wristlet; material:Leather; model:Wallet Wristlet; pf-gender:Female; pf-type:Accessories; product-switcher; redo:wallet wristlet; refund_fee: FREE; retail-sync; show-previews; show_recs; thumbnail-previews; thumbnails:womens-wallet-wristlet-bag; YGroup_womens-wallet-wristlet-bag,1,7,$25200 - $25200,Yes
"=""7624889401434""",Wallet Wristlet | Black,womens-wallet-wristlet-black-leather,Thursday Boots - Women's Bags,Bags,10/16/2025,10/13/2025,8/8/2026,accessory-full; all:All; anagram-enabled; bags:Wallet Wristlet; bf21:Leather; bf21:W-Boot-Black; bf21:WBeanie; bf21:Women-Belt-Black; bfcm-eligible; BIS; color:Black; credit_fee:FREE; exchange_fee:FREE; free-gift; holiday:WBags2; honest-pricing; interactive-details; klaviyo:Women; loop-accessory; loop:Wallet Wristlet; material:Leather; model:Wallet Wristlet; pf-gender:Female; pf-type:Accessories; product-switcher; redo:wallet wristlet; refund_fee: FREE; retail-sync; show-previews; show_recs; thumbnail-previews; thumbnails:womens-wallet-wristlet-bag; YGroup_womens-wallet-wristlet-bag,1,7,$25200 - $25200,Yes
"=""7621225709658""",Bronco Jacket | Yosemite,womens-bronco-shearling-jacket-yosemite-brown,Thursday - Women's Jackets,Women's Jackets,10/16/2025,10/10/2025,8/8/2026,accessories; accessory-full; all:All; anagram-enabled; bf21:Jackets; bf21:OilTanned; bf21:W-Boot-Brown; bf21:WBeanie; bfcm-eligible; BIS; black-label; color:Brown; credit_fee:FREE; exchange_fee:FREE; free-gift; highlight:Black Label; honest-pricing; imp_new_guide; interactive-details; jackets:Bronco Jacket; klaviyo:Women; live_product; loop-accessory; loop:Women's Bronco Jacket; material:Leather; mlp:womens-jackets; model:Bronco Jacket; no-cs-variants; pf-gender:Female; pf-status:active; pf-style:Jacket; pf-type:Accessories; product-switcher; redo:womens bronco jacket; refund_fee: FREE; retail-sync; show-previews; show-sizing-tip; show_recs; size-chart; size:tbc-jacket; thumbnails:womens-bronco-jacket; wair-enabled; wair-testing; womens-jackets; womens-jackets-collection; YGroup_womens-bronco-jacket,5,6,$197100 - $197100,Yes
"=""7621208965210""",Bronco Jacket | Sequoia,womens-bronco-shearling-jacket-sequoia-brown,Thursday - Women's Jackets,Women's Jackets,10/16/2025,10/10/2025,8/8/2026,accessories; accessory-full; all:All; anagram-enabled; bf21:Jackets; bf21:OilTanned; bf21:W-Boot-Brown; bf21:WBeanie; bfcm-eligible; BIS; black-label; color:Brown; credit_fee:FREE; exchange_fee:FREE; free-gift; highlight:Black Label; holiday:Jackets2; honest-pricing; imp_new_guide; interactive-details; jackets:Bronco Jacket; klaviyo:Women; live_product; loop-accessory; loop:Women's Bronco Jacket; material:Leather; mlp:womens-jackets; model:Bronco Jacket; no-cs-variants; pf-gender:Female; pf-status:active; pf-style:Jacket; pf-type:Accessories; product-switcher; redo:womens bronco jacket; refund_fee: FREE; retail-sync; show-previews; show-sizing-tip; show_recs; size-chart; size:tbc-jacket; thumbnails:womens-bronco-jacket; w-all:D-Jackets; wair-enabled; wair-testing; womens-jackets; womens-jackets-collection; YGroup_womens-bronco-jacket,5,6,$197100 - $197100,Yes
"=""7621153849434""",Bronco Jacket | Black,womens-bronco-shearling-jacket-black,Thursday - Women's Jackets,Women's Jackets,10/16/2025,10/10/2025,8/8/2026,accessories; accessory-full; all:All; anagram-enabled; bf21:Jackets; bf21:OilTanned; bf21:W-Boot-Black; bf21:WBeanie; bf21:Women-Belt-Black; bfcm-eligible; BIS; black-label; color:Black; credit_fee:FREE; exchange_fee:FREE; free-gift; highlight:Black Label; honest-pricing; imp_new_guide; interactive-details; jackets:Bronco Jacket; klaviyo:Women; live_product; loop-accessory; loop:Women's Bronco Jacket; material:Leather; mlp:womens-jackets; model:Bronco Jacket; no-cs-variants; pf-gender:Female; pf-status:active; pf-style:Jacket; pf-type:Accessories; product-switcher; redo:womens bronco jacket; refund_fee: FREE; retail-sync; show-previews; show-sizing-tip; show_recs; size-chart; size:tbc-jacket; thumbnails:womens-bronco-jacket; wair-enabled; wair-testing; womens-jackets; womens-jackets-collection; YGroup_womens-bronco-jacket,5,6,$197100 - $197100,Yes
"=""7625816539226""",Denim Trucker Jacket | Faded Black,mens-denim-trucker-jacket-faded-black,Thursday - Men's Jackets,Men's Fabric Jackets,10/16/2025,10/14/2025,8/8/2026,accessories; accessory-full; all:All; anagram-enabled; bf21:Denim; bf21:Jackets; bf21:MBeanie; bf21:Men-Belt-Black; bfcm-eligible; BIS; canvas-jackets:Denim Trucker Jacket; color:Black; credit_fee:FREE; exchange_fee:FREE; free-gift; honest-pricing; imp_new_guide; interactive-details; jacket-reduced; jackets:Denim Trucker Jacket; klaviyo:Men; leather-jackets:Denim Trucker Jacket; live_product; loop-accessory; loop:Men's Denim Trucker Jacket; material:Denim; mens-jackets; mens-jackets-collection; midweight:Denim Trucker Jacket; mlp:mens-jackets; model:Denim Jacket; pf-gender:Male; pf-status:active; pf-style:Jacket; pf-type:Accessories; product-switcher; redo:denim trucker jacket; refund_fee: FREE; retail-sync; show-previews; show-sizing-tip; show_recs; size-chart; size:tbc-jacket; thumb-groups:mens-denim-jacket;mens-selvedge-denim-trucker-jacket; thumbnails:mens-denim-jacket; wair-enabled; YGroup_mens-denim-jacket; yotpo-reviews,5,7,$34400 - $34400,Yes
"=""7624799584346""",Denim Trucker Jacket | Faded Indigo,mens-denim-trucker-jacket-faded-indigo,Thursday - Men's Jackets,Men's Fabric Jackets,10/16/2025,10/13/2025,8/8/2026,accessories; accessory-full; all:All; anagram-enabled; bf21:Denim; bf21:Jackets; bf21:MBeanie; bf21:Men-Belt-Black; bfcm-eligible; BIS; canvas-jackets:Denim Trucker Jacket; color:Indigo; credit_fee:FREE; exchange_fee:FREE; free-gift; honest-pricing; imp_new_guide; interactive-details; jacket-reduced; jackets:Denim Trucker Jacket; klaviyo:Men; leather-jackets:Denim Trucker Jacket; live_product; loop-accessory; loop:Men's Denim Trucker Jacket; material:Denim; mens-jackets; mens-jackets-collection; midweight:Denim Trucker Jacket; mlp:mens-jackets; model:Denim Jacket; pf-gender:Male; pf-status:active; pf-style:Jacket; pf-type:Accessories; product-switcher; redo:denim trucker jacket; refund_fee: FREE; retail-sync; shirts:Outerwear3; show-previews; show-sizing-tip; show_recs; size-chart; size:tbc-jacket; thumb-groups:mens-denim-jacket;mens-selvedge-denim-trucker-jacket; thumbnails:mens-denim-jacket; wair-enabled; YGroup_mens-denim-jacket; yotpo-reviews,5,7,$34400 - $34400,Yes
"=""7625825026138""",Denim Trucker Jacket | Medium Wash,mens-denim-trucker-jacket-medium-wash,Thursday - Men's Jackets,Men's Fabric Jackets,10/16/2025,10/14/2025,8/8/2026,accessories; accessory-full; all:All; anagram-enabled; bf21:Denim; bf21:Jackets; bf21:MBeanie; bf21:Men-Belt-Black; bfcm-eligible; BIS; canvas-jackets:Denim Trucker Jacket; color:Blue; credit_fee:FREE; exchange_fee:FREE; free-gift; honest-pricing; imp_new_guide; interactive-details; jacket-reduced; jackets:Denim Trucker Jacket; klaviyo:Men; leather-jackets:Denim Trucker Jacket; live_product; loop-accessory; loop:Men's Denim Trucker Jacket; material:Denim; mens-jackets; mens-jackets-collection; midweight:Denim Trucker Jacket; mlp:mens-jackets; model:Denim Jacket; new-arrivals:Outerwear; pf-gender:Male; pf-status:active; pf-style:Jacket; pf-type:Accessories; product-switcher; redo:denim trucker jacket; refund_fee: FREE; retail-sync; show-previews; show-sizing-tip; show_recs; size-chart; size:tbc-jacket; thumb-groups:mens-denim-jacket;mens-selvedge-denim-trucker-jacket; thumbnails:mens-denim-jacket; wair-enabled; YGroup_mens-denim-jacket; yotpo-reviews,5,7,$34400 - $34400,Yes
"=""7625799729242""",Bronco Jacket | Sequoia,mens-bronco-shearling-jacket-sequoia-brown,Thursday - Men's Jackets,Jackets,10/16/2025,10/14/2025,8/8/2026,accessories; accessory-full; anagram-enabled; bf21:Jackets; bf21:M-Boot-Brown; bf21:MBeanie; bf21:Men-Belt-BurntCopper; bf21:OilTanned; bfcm-eligible; BIS; black-label; black-label:Jackets & Apparel; color:Brown; credit_fee:FREE; exchange_fee:FREE; fit-guide; free-gift; highlight:Black Label; honest-pricing; imp_new_guide; interactive-details; jackets:Bronco Jacket; klaviyo:Men; leather-jackets:Bronco Jacket; loop-accessory; loop:Mens Bronco Jacket; material:Leather; mens-jackets; mens-jackets-collection; mlp:mens-jackets; model:Bronco Jacket; new-arrivals:Outerwear; new-fit-guide; no-cs-variants; pf-gender:Male; pf-style:Jacket; pf-type:Accessories; product-switcher; redo:bronco jacket; refund_fee: FREE; retail-sync; show-previews; show-sizing-tip; show_recs; size-chart; size:tbc-jacket; thumbnails:mens-bronco-jacket; wair-enabled; YGroup_mens-bronco-jacket; yotpo-reviews,5,6,$197100 - $197100,Yes
"=""7609267617882""",Stomper | Stone,mens-stomper-zip-up-boot-stone,Thursday Boots - Men's,boots,10/16/2025,9/29/2025,8/8/2026,4col:Stomper; add-aftersell; all:All; anagram-enabled; as:EssentialLeatherKit; bf21:Leather; bf21:M-Boot-Brown; bf21:MBeanie; bf21:Men-Belt-Brown; bfcm-eligible; BIS; category:Men's Boots; color:Brown; credit_fee:FREE; exchange_fee:FREE; extended-sizes; fit-quiz:occasional-true; fit_cat:half-down; fitfinder_inline; fqv2:half-down; free-gift; group:Boots; honest-pricing; interactive-details; klaviyo:Men; live_product; loop:Men's Stomper (No Zipper); m-boots:Stomper; material:Leather; mb_handcrafted; mens-boots; mlp:mens-boots-lu; model:Stomper; no-cs-variants; pf-gender:Male; pf-status:active; pf-style:Combat; pf-type:Boots; product-switcher; psil:Stomper; psis:Stomper; recommend:-0.5; redo:stomper; refund_fee: FREE; retail-sync; search_term: storm king; show-previews; show_recs; style:Lace-Up; thumb-groups:mens-stomper;mens-stomper-no-zipper; thumbnails:mens-stomper-no-zipper; width:Standard; YGroup_mens-stomper; yotpo-reviews; zipper:Zipper,19,7,$65500 - $65500,Yes
"=""7614562205786""",Dress Penny | Pecan,womens-dress-penny-loafer-pecan-leather,Thursday Boots - Women's Shoes,Shoes,10/9/2025,10/4/2025,8/8/2026,anagram-enabled; bf21:Leather; bf21:W-Boot-Brown; bf21:W-Shoes; bf21:WBeanie; bfcm-eligible; BIS; bis-sms; category:Women's Shoes; color:Brown; credit_fee:FREE; exchange_fee:FREE; extended-sizes; fit_cat:true-to-size; fitfinder_inline; fqv2:tts-up; free-gift; gender:Women's; honest-pricing; interactive-details; klaviyo:Women; loop:Women's Dress Penny; material:Leather; mlp:womens-shoes; mobile-details; model:Dress Penny; new-arrivals:Dress Penny; no-cs-variants; param_selector; pf-gender:Female; recommend:+0; redo:dress penny; refund_fee: FREE; retail-sync; show-previews; show_recs; silhouettes:sil-womens-penny; size_standard:US Women's; thumb-groups2:womens-dress-penny; thumb-groups:womens-penny-row-1;womens-penny-row-2;womens-penny-platform;womens-dress-penny; thumbnails:womens-dress-penny; w-beanie; womens-flats; womens-shoes; womens-shoes:Dress Penny; YGroup_womens-dress-penny; yotpo-reviews,15,9,$45800 - $45800,Yes
"=""7498319921242""",Dress Penny | Black Velvet,womens-dress-penny-loafer-black-velvet,Thursday Boots - Women's Shoes,Shoes,10/9/2025,6/20/2025,8/8/2026,anagram-enabled; bf21:Suede; bf21:W-Shoes; bf21:WBeanie; bf21:Women-Belt-Black; bfcm-eligible; BIS; bis-sms; category:Women's Shoes; color:Black; credit_fee:FREE; exchange_fee:FREE; extended-sizes; fit_cat:true-to-size; fitfinder_inline; fqv2:tts-up; free-gift; gender:Women's; honest-pricing; interactive-details; klaviyo:Women; loop:Women's Dress Penny ($160); material:Velvet; mlp:womens-shoes; mobile-details; model:Dress Penny; new-arrivals:Dress Penny; no-cs-variants; param_selector; pf-gender:Female; recommend:+0; redo:dress penny; refund_fee: FREE; retail-sync; show-previews; show_recs; silhouettes:sil-womens-penny; size_standard:US Women's; thumb-groups2:womens-dress-penny; thumb-groups:womens-penny-row-1;womens-penny-row-2;womens-penny-platform;womens-dress-penny; thumbnails:womens-dress-penny; w-beanie; womens-flats; womens-shoes; womens-shoes:Dress Penny; YGroup_womens-dress-penny; yotpo-reviews,15,8,$48700 - $48700,Yes
"=""7498318610522""",Dress Penny | Cotton Candy,womens-dress-penny-loafer-cotton-candy-leather,Thursday Boots - Women's Shoes,Shoes,10/9/2025,6/20/2025,8/8/2026,anagram-enabled; bf21:Leather; bf21:W-Boot-Brown; bf21:W-Shoes; bf21:WBeanie; bfcm-eligible; BIS; bis-sms; category:Women's Shoes; color:Pink; credit_fee:FREE; exchange_fee:FREE; extended-sizes; fit_cat:true-to-size; fitfinder_inline; fqv2:tts-up; free-gift; gender:Women's; honest-pricing; interactive-details; klaviyo:Women; loop:Women's Dress Penny; material:Leather; mlp:womens-shoes; mobile-details; model:Dress Penny; new-arrivals:Dress Penny; no-cs-variants; param_selector; pf-gender:Female; recommend:+0; redo:dress penny; refund_fee: FREE; retail-sync; show-previews; show_recs; silhouettes:sil-womens-penny; size_standard:US Women's; thumb-groups2:womens-dress-penny; thumb-groups:womens-penny-row-1;womens-penny-row-2;womens-penny-platform;womens-dress-penny; thumbnails:womens-dress-penny; w-beanie; womens-flats; womens-shoes; womens-shoes:Dress Penny; YGroup_womens-dress-penny; yotpo-reviews,15,9,$45800 - $45800,Yes
"=""7617936916570""",Challenger | Sesame Double Shot,mens-challenger-lace-up-boot-sesame-double-shot,Thursday Boots - Men's,boots,10/9/2025,10/6/2025,8/8/2026,4col:Challenger; anagram-enabled; as:EssentialLeatherKit; bf21:Leather; bf21:M-Boot-Brown; bf21:MBeanie; bf21:Men-Belt-Natural; bfcm-eligible; BIS; black-label; black-label:Boots; color:Brown; credit_fee:FREE; exchange_fee:FREE; extended-sizes; fit_cat:half-down; fitfinder_inline; fqv2:half-down; free-gift; highlight:Black Label; honest-pricing; interactive-details; klaviyo:Men; live_product; loop:Men’s Challenger; material:Leather; mb_handcrafted; mens-boots; mlp:mens-boots-black-label; mlp:mens-boots-rr; model:Men's Challenger; new-arrivals:Challenger; no-cs-variants; pf-gender:Male; pf-status:active; pf-style:Lace-Up; pf-type:Boots; product-switcher; psil:Challenger; recommend:-0.5; redo:challenger; refund_fee: FREE; retail-sync; show-previews; show_recs; sole:Rubber; style:Cap Toe; style:Lace-Up; thumb-groups:mens-challenger-black-label;mens-challenger;mens-challenger-final; thumbnails:mens-challenger-black-label; width:Standard; YGroup_mens-challenger; yotpo-reviews,19,9,$99900 - $99900,Yes
"=""7617900347482""",Challenger | Brown CXL,mens-challenger-lace-up-boot-brown-cxl,Thursday Boots - Men's,boots,10/9/2025,10/6/2025,8/8/2026,4col:Challenger; anagram-enabled; as:EssentialLeatherKit; bf21:Leather; bf21:M-Boot-Brown; bf21:MBeanie; bf21:Men-Belt-Brown; bfcm-eligible; BIS; black-label; black-label:Boots; color:Brown; credit_fee:FREE; exchange_fee:FREE; extended-sizes; fit_cat:half-down; fitfinder_inline; fqv2:half-down; free-gift; highlight:Black Label; honest-pricing; interactive-details; klaviyo:Men; live_product; loop:Men’s Challenger; m-all:D-BlackLabel-Boots; material:Leather; mb_handcrafted; mens-boots; mlp:mens-boots-black-label; mlp:mens-boots-rr; model:Men's Challenger; new-arrivals:Challenger; no-cs-variants; pf-gender:Male; pf-status:active; pf-style:Lace-Up; pf-type:Boots; product-switcher; psil:Challenger; recommend:-0.5; redo:challenger; refund_fee: FREE; retail-sync; show-previews; show_recs; sole:Rubber; style:Cap Toe; style:Lace-Up; thumb-groups:mens-challenger-black-label;mens-challenger;mens-challenger-final; thumbnails:mens-challenger-black-label; width:Standard; YGroup_mens-challenger; yotpo-reviews,19,9,$99900 - $99900,Yes
"=""7617802928218""",Challenger | Canyon,mens-challenger-lace-up-boot-canyon,Thursday Boots - Men's,boots,10/9/2025,10/6/2025,8/8/2026,4col:Challenger; anagram-enabled; as:RuggedKit; bf21:M-Boot-Brown; bf21:MBeanie; bf21:Men-Belt-Canyon; bf21:OilTanned; bfcm-eligible; BIS; color:Brown; credit_fee:FREE; exchange_fee:FREE; extended-sizes; fit_cat:half-down; fitfinder_inline; fqv2:half-down; free-gift; honest-pricing; interactive-details; klaviyo:Men; live_product; loop:Men’s Challenger (Evergreen); material:Leather; mb_handcrafted; mens-boots; mlp:mens-boots-rr; model:Men's Challenger; new-arrivals:Challenger; no-cs-variants; pf-gender:Male; pf-status:active; pf-style:Lace-Up; pf-type:Boots; product-switcher; psil:Challenger; recommend:-0.5; redo:challenger; refund_fee: FREE; retail-sync; show-previews; show_recs; sole:Rubber; style:Cap Toe; style:Lace-Up; thumb-groups:mens-challenger-black-label;mens-challenger;mens-challenger-final; thumbnails:mens-challenger; width:Standard; YGroup_mens-challenger; yotpo-reviews,19,8,$82700 - $82700,Yes
"=""7617759608922""",Challenger | Black Matte,mens-challenger-lace-up-boot-black-matte,Thursday Boots - Men's,boots,10/9/2025,10/6/2025,8/8/2026,4col:Challenger; anagram-enabled; as:RuggedKit; bf21:M-Boot-Black; bf21:MBeanie; bf21:Men-Belt-BlackMatte; bf21:OilTanned; bfcm-eligible; BIS; color:Black; credit_fee:FREE; exchange_fee:FREE; extended-sizes; fit_cat:half-down; fitfinder_inline; fqv2:half-down; free-gift; honest-pricing; interactive-details; klaviyo:Men; live_product; loop:Men’s Challenger (Evergreen); material:Rugged; mb_handcrafted; mens-boots; mlp:mens-boots-rr; model:Men's Challenger; new-arrivals:Challenger; no-cs-variants; pf-gender:Male; pf-status:active; pf-style:Lace-Up; pf-type:Boots; product-switcher; psil:Challenger; recommend:-0.5; redo:challenger; refund_fee: FREE; retail-sync; show-previews; show_recs; sole:Rubber; style:Cap Toe; style:Lace-Up; thumb-groups:mens-challenger-black-label;mens-challenger;mens-challenger-final; thumbnails:mens-challenger; width:Standard; YGroup_mens-challenger; yotpo-reviews,19,9,$82700 - $82700,Yes
"=""7617698037850""",Challenger | Badland,mens-challenger-lace-up-boot-badland,Thursday Boots - Men's,boots,10/9/2025,10/6/2025,8/8/2026,4col:Challenger; anagram-enabled; bf21:M-Boot-Brown; bf21:MBeanie; bf21:Men-Belt-Arizona; bf21:WaxedSuede; bfcm-eligible; BIS; color:Brown; credit_fee:FREE; exchange_fee:FREE; extended-sizes; fit_cat:half-down; fitfinder_inline; fqv2:half-down; free-gift; honest-pricing; interactive-details; klaviyo:Men; live_product; loop:Men’s Challenger (Evergreen); material:Suede; mb_handcrafted; mens-boots; mlp:mens-boots-rr; model:Men's Challenger; new-arrivals:Challenger; no-cs-variants; pf-gender:Male; pf-status:active; pf-style:Lace-Up; pf-type:Boots; product-switcher; psil:Challenger; recommend:-0.5; redo:challenger; refund_fee: FREE; retail-sync; show-previews; show_recs; sole:Rubber; style:Cap Toe; style:Lace-Up; thumb-groups:mens-challenger-black-label;mens-challenger;mens-challenger-final; thumbnails:mens-challenger; width:Standard; YGroup_mens-challenger; yotpo-reviews,19,9,$82700 - $82700,Yes
"=""7609366577242""",Ribbed Crewneck Sweater | Olive,mens-ribbed-crewneck-sweater-olive,Thursday - Men's Shirts,Shirts,10/2/2025,9/30/2025,8/8/2026,accessories; accessory-full; anagram-enabled; bf21:MBeanie; bf21:Men-Belt-Brown; bf21:Shirt; bfcm-eligible; BIS; color:Olive; credit_fee:FREE; exchange_fee:FREE; free-gift; honest-pricing; interactive-details; keyword:Sweater; klaviyo:Men; loop:Men's Ribbed Crewneck; material:Cotton; mens-shirts; mlp:mens-shirts; model:Ribbed Crewneck; pf-gender:Male; product-switcher; redo:ribbed crewneck; refund_fee: FREE; retail-sync; shirts:Ribbed Crewneck; show-previews; show-sizing-tip; show_recs; size-chart; size:tbc-shirt; thumbnails:mens-ribbed-crewneck; wair-enabled; wair-testing; YGroup_mens-ribbed-crewneck-shirt; yotpo-reviews,5,7,$30900 - $30900,Yes
"=""7609363988570""",Ribbed Crewneck Sweater | Navy,mens-ribbed-crewneck-sweater-navy,Thursday - Men's Shirts,Shirts,10/2/2025,9/30/2025,8/8/2026,4col:Shirts; accessories; accessory-full; anagram-enabled; bags:Shirts2; bf21:MBeanie; bf21:Men-Belt-Brown; bf21:Shirt; bfcm-eligible; BIS; color:Blue; credit_fee:FREE; exchange_fee:FREE; free-gift; holiday:Shirts3; honest-pricing; interactive-details; jackets-cs:Shirts; keyword:Sweater; klaviyo:Men; loop:Men's Ribbed Crewneck; material:Cotton; mens-shirts; mlp:mens-shirts; model:Ribbed Crewneck; new-arrivals:Shirts; pf-gender:Male; product-switcher; redo:ribbed crewneck; refund_fee: FREE; retail-sync; shirts:Ribbed Crewneck; show-previews; show-sizing-tip; show_recs; size-chart; size:tbc-shirt; thumbnails:mens-ribbed-crewneck; wair-enabled; wair-testing; YGroup_mens-ribbed-crewneck-shirt; yotpo-reviews,5,7,$30900 - $30900,Yes
"=""7609312673882""",Ribbed Crewneck Sweater | Black,mens-ribbed-crewneck-sweater-black,Thursday - Men's Shirts,Shirts,10/2/2025,9/29/2025,8/8/2026,4col:Shirts; accessories; accessory-full; anagram-enabled; bags:Shirts2; bf21:MBeanie; bf21:Men-Belt-Black; bf21:Shirt; bfcm-eligible; BIS; color:Black; credit_fee:FREE; exchange_fee:FREE; free-gift; honest-pricing; interactive-details; jackets-cs:Shirts; keyword:Sweater; klaviyo:Men; loop:Men's Ribbed Crewneck; m-all:D-Featured-Shirts; material:Cotton; mens-shirts; mlp:mens-shirts; model:Ribbed Crewneck; pf-gender:Male; product-switcher; redo:ribbed crewneck; refund_fee: FREE; retail-sync; shirts:Ribbed Crewneck; show-previews; show-sizing-tip; show_recs; size-chart; size:tbc-shirt; thumbnails:mens-ribbed-crewneck; wair-enabled; wair-testing; YGroup_mens-ribbed-crewneck-shirt; yotpo-reviews,5,7,$30900 - $30900,Yes
"=""7539244171354""",Legacy | Black Gum,mens-legacy-low-top-gum-sole-sneaker-black,Thursday Boots - Men's Sneakers,Sneakers,9/26/2025,8/6/2025,8/8/2026,anagram-enabled; as:EssentialLeatherKit; bf21:Leather; bf21:M-Low-Top-Sneaker; bf21:MBeanie; bf21:Men-Belt-Black; bfcm-eligible; BIS; bis-sms; casual-shoes:Legacy; category:Sneakers; color:Black; credit_fee:FREE; exchange_fee:FREE; extended-sizes; fit_cat:true-to-size; fitfinder_inline; fqv2:tts-up; free-gift; gender:Men's; honest-pricing; interactive-details; klaviyo:Men; live_product; loop:Men's Legacy; lowtop:Legacy; material:Leather; mens-sneakers; mlp:mens-sneakers; model:Legacy; new-arrivals:Sneakers; no-cs-variants; no_quiz; param_selector; pf-gender:Male; recommend:+0; redo:legacy; refund_fee: FREE; retail-sync; shoes:Legacy; show-previews; show_recs; size_standard:US Men's; sneaker:Legacy; thumb-groups:mens-classic-low-tops;mens-heritage-low-tops;mens-legacy; thumbnails:mens-legacy; YGroup_mens_legacy; yotpo-reviews,19,9,$38700 - $38700,Yes
"=""7600909647962""",Court | White & Navy,mens-court-leather-sneaker-white-navy,Thursday Boots - Men's Sneakers,Sneakers,9/26/2025,9/22/2025,8/8/2026,anagram-enabled; as:EssentialLeatherKit; bf21:Leather; bf21:M-Low-Top-Sneaker; bf21:MBeanie; bf21:Men-Belt-Black; bfcm-eligible; BIS; bis-sms; casual-shoes:Court; category:Sneakers; color:White; credit_fee:FREE; exchange_fee:FREE; extended-sizes; fit_cat:true-to-size; fitfinder_inline; fqv2:tts-up; free-gift; gender:Men's; honest-pricing; interactive-details; kfc:picks-2; klaviyo:Men; live_product; low-top:Court; m-all:D-Featured-Sneakers; m-all:Sneakers3; material:Leather; mens-sneakers; mlp:mens-sneakers; mobile-details; model:Court; new-arrivals:Sneakers; no-cs-variants; no_quiz; pf-gender:Male; recommend:+0; redo:court; refund_fee: FREE; retail-sync; shoes:Court; show-previews; show_recs; size_standard:US Men's; sneaker-b:Court; sneaker:Court; thumbnails:mens-court; YGroup_mens-court; yotpo-reviews,19,9,$40100 - $40100,Yes
"=""7600869638234""",Court | Coffee,mens-court-leather-sneaker-coffee-leather,Thursday Boots - Men's Sneakers,Sneakers,9/26/2025,9/22/2025,8/8/2026,anagram-enabled; as:EssentialLeatherKit; bf21:Leather; bf21:M-Low-Top-Sneaker; bf21:MBeanie; bf21:Men-Belt-BlackCoffee; bfcm-eligible; BIS; bis-sms; break-thumb; casual-shoes:Court; category:Sneakers; color:Brown; credit_fee:FREE; exchange_fee:FREE; extended-sizes; fit_cat:true-to-size; fitfinder_inline; fqv2:tts-up; free-gift; gender:Men's; honest-pricing; interactive-details; klaviyo:Men; live_product; loop:Men's Court; low-top:Court; material:Leather; mens-sneakers; mlp:mens-sneakers; mobile-details; model:Court; new-arrivals:Sneakers; no-cs-variants; no_quiz; pf-gender:Male; recommend:+0; redo:court; refund_fee: FREE; retail-sync; shoes:Court; show-previews; show_recs; size_standard:US Men's; sneaker-b:Court; sneaker:Court2; thumbnails:mens-court; YGroup_mens-court; yotpo-reviews,19,9,$40100 - $40100,Yes
"=""7539337691226""",Captain StormKing® | Black Coffee,mens-captain-lace-up-boot-black-coffee-leather,Thursday Boots - Men's,boots,9/25/2025,8/6/2025,8/8/2026,4col:LugCap; add-aftersell; all:All; anagram-enabled; as:EssentialLeatherKit; bf21:Leather; bf21:M-Boot-Brown; bf21:MBeanie; bf21:Men-Belt-BlackCoffee; bfcm-eligible; bfcm:Other; BIS; ca-transfer; category:Men's Boots; color:Brown; credit_fee:FREE; desktop-thumb-groups:mens-rugged-captains;men-captain-lug-1;mens-standard-captains-abbr; exchange_fee:FREE; extended-sizes; fit:captain; fit_cat:half-down; fitfinder_inline; fqv2:half-down; free-gift; group:Boots; honest-pricing; interactive-details; keyword:Captain (Men's); keyword:kingmaker; keyword:Natural; klaviyo:Men; live_product; loop:Men's Captain; material:Leather; mb_handcrafted; mbg:Captain; mcg:Rugged Captain HideLine; mens-boots; mens-captain; mlp:mens-boots-rr; mobile-details; model:Captain Stormking; new-arrivals:Captain; no-cs-variants; pf-gender:Male; pf-status:active; pf-style:Lace-Up; pf-type:Boots; product-switcher; psil:LugCap; recommend:-0.5; redo:captain; refund_fee: FREE; retail-sync; rugged:StormKing; search_term: storm king; show-previews; show_recs; sole:Rubber; style:Cap Toe; style:Lace-Up; subgroup:Rugged Collection; thumb-groups:mens-rugged-captains;men-captain-lug-1;mens-standard-captains; thumbnails:mens-captain-stormking-full; width:Standard; YGroup_mens-captain-boot; yotpo-reviews,19,7,$57000 - $57000,Yes
"=""7601129914458""",Chambray Workshirt | Vintage Indigo,mens-chambray-button-up-workshirt-vintage-indigo,Thursday - Men's Shirts,Shirts,9/25/2025,9/22/2025,8/8/2026,4col:Shirts; accessories; accessory-full; anagram-enabled; bags:Shirts2; bf21:MBeanie; bf21:Men-Belt-Brown; bf21:Shirt; bfcm-eligible; BIS; color:Blue; credit_fee:FREE; exchange_fee:FREE; free-gift; highlight:Back In Stock; holiday:Shirts3; honest-pricing; interactive-details; jackets-cs:Shirts; klaviyo:Men; loop:Men's Chambray Work Shirt; m-all:D-Featured-Shirts; material:Linen; mens-shirts; mlp:mens-shirts; model:Chambray Workshirt; pf-gender:Male; product-switcher; redo:chambray workshirt; refund_fee: FREE; retail-sync; shirts:Chambray Workshirt; show-previews; show-sizing-tip; show_recs; size-chart; size:tbc-shirt; thumbnails:mens-chambray-workshirt; wair-enabled; wair-testing; YGroup_mens-chambray-workshirt; yotpo-reviews,5,8,$28100 - $28100,Yes